CREATE DATABASE  IF NOT EXISTS `lotto` /*!40100 DEFAULT CHARACTER SET utf8 */;
USE `lotto`;
-- MySQL dump 10.13  Distrib 5.6.13, for Win32 (x86)
--
-- Host: 127.0.0.1    Database: lotto
-- ------------------------------------------------------
-- Server version	5.6.14

/*!40101 SET @OLD_CHARACTER_SET_CLIENT=@@CHARACTER_SET_CLIENT */;
/*!40101 SET @OLD_CHARACTER_SET_RESULTS=@@CHARACTER_SET_RESULTS */;
/*!40101 SET @OLD_COLLATION_CONNECTION=@@COLLATION_CONNECTION */;
/*!40101 SET NAMES utf8 */;
/*!40103 SET @OLD_TIME_ZONE=@@TIME_ZONE */;
/*!40103 SET TIME_ZONE='+00:00' */;
/*!40014 SET @OLD_UNIQUE_CHECKS=@@UNIQUE_CHECKS, UNIQUE_CHECKS=0 */;
/*!40014 SET @OLD_FOREIGN_KEY_CHECKS=@@FOREIGN_KEY_CHECKS, FOREIGN_KEY_CHECKS=0 */;
/*!40101 SET @OLD_SQL_MODE=@@SQL_MODE, SQL_MODE='NO_AUTO_VALUE_ON_ZERO' */;
/*!40111 SET @OLD_SQL_NOTES=@@SQL_NOTES, SQL_NOTES=0 */;

--
-- Table structure for table `card`
--

DROP TABLE IF EXISTS `card`;
/*!40101 SET @saved_cs_client     = @@character_set_client */;
/*!40101 SET character_set_client = utf8 */;
CREATE TABLE `card` (
  `car_id` smallint(6) NOT NULL AUTO_INCREMENT,
  `car_serialnumber` int(11) DEFAULT NULL,
  `car_row1_nr1` smallint(6) DEFAULT NULL,
  `car_row1_nr2` smallint(6) DEFAULT NULL,
  `car_row1_nr3` smallint(6) DEFAULT NULL,
  `car_row1_nr4` smallint(6) DEFAULT NULL,
  `car_row1_nr5` smallint(6) DEFAULT NULL,
  `car_row2_nr1` smallint(6) DEFAULT NULL,
  `car_row2_nr2` smallint(6) DEFAULT NULL,
  `car_row2_nr3` smallint(6) DEFAULT NULL,
  `car_row2_nr4` smallint(6) DEFAULT NULL,
  `car_row2_nr5` smallint(6) DEFAULT NULL,
  `car_row3_nr1` smallint(6) DEFAULT NULL,
  `car_row3_nr2` smallint(6) DEFAULT NULL,
  `car_row3_nr3` smallint(6) DEFAULT NULL,
  `car_row3_nr4` smallint(6) DEFAULT NULL,
  `car_row3_nr5` smallint(6) DEFAULT NULL,
  `car_cre_dat` datetime DEFAULT NULL,
  `car_cre_id` smallint(6) DEFAULT NULL,
  `car_mod_dat` datetime DEFAULT NULL,
  `car_mod_id` smallint(6) DEFAULT NULL,
  `car_del` tinyint(4) DEFAULT NULL,
  PRIMARY KEY (`car_id`)
) ENGINE=InnoDB AUTO_INCREMENT=726 DEFAULT CHARSET=utf8;
/*!40101 SET character_set_client = @saved_cs_client */;

--
-- Dumping data for table `card`
--

LOCK TABLES `card` WRITE;
/*!40000 ALTER TABLE `card` DISABLE KEYS */;
INSERT INTO `card` VALUES (1,294,8,21,34,45,71,23,32,52,63,89,7,19,42,62,74,NULL,NULL,NULL,NULL,NULL),(2,293,5,18,33,52,66,24,38,53,72,86,3,21,44,60,71,NULL,NULL,NULL,NULL,NULL),(3,292,5,49,53,72,80,14,26,37,51,62,28,30,63,71,83,NULL,NULL,NULL,NULL,NULL),(4,291,2,15,36,53,68,27,46,69,70,89,4,21,32,47,79,NULL,NULL,NULL,NULL,NULL),(5,290,3,17,30,53,65,26,46,67,71,87,4,21,36,47,75,NULL,NULL,NULL,NULL,NULL),(6,289,16,34,43,56,86,5,13,36,68,75,27,41,57,61,84,NULL,NULL,NULL,NULL,NULL),(7,288,13,32,44,57,86,1,12,33,66,79,27,41,59,70,83,NULL,NULL,NULL,NULL,NULL),(8,287,4,13,33,50,69,22,47,65,70,89,1,23,37,41,78,NULL,NULL,NULL,NULL,NULL),(9,286,4,43,55,71,84,10,27,35,53,66,29,34,63,75,81,NULL,NULL,NULL,NULL,NULL),(10,285,13,34,41,58,86,5,18,36,60,79,28,40,56,69,84,NULL,NULL,NULL,NULL,NULL),(11,284,1,47,58,74,83,16,27,39,54,68,26,35,62,77,82,NULL,NULL,NULL,NULL,NULL),(12,283,3,18,34,57,60,22,46,65,70,89,4,25,37,43,76,NULL,NULL,NULL,NULL,NULL),(13,282,7,25,31,48,72,28,35,50,60,86,8,19,42,66,74,NULL,NULL,NULL,NULL,NULL),(14,281,3,45,55,73,80,13,24,36,52,67,29,33,61,77,83,NULL,NULL,NULL,NULL,NULL),(15,280,7,14,39,56,61,23,41,51,75,90,8,12,20,68,80,NULL,NULL,NULL,NULL,NULL),(16,279,9,17,39,59,60,29,46,50,78,88,8,10,25,67,84,NULL,NULL,NULL,NULL,NULL),(17,278,4,18,26,62,87,1,38,47,50,83,17,23,34,67,75,NULL,NULL,NULL,NULL,NULL),(18,277,6,27,30,47,73,28,39,51,62,86,8,19,45,60,74,NULL,NULL,NULL,NULL,NULL),(19,276,10,33,43,58,89,1,14,37,65,76,28,44,59,66,83,NULL,NULL,NULL,NULL,NULL),(20,275,2,16,25,64,89,7,34,49,50,81,19,23,33,69,79,NULL,NULL,NULL,NULL,NULL),(21,274,4,49,56,73,81,12,26,38,53,68,28,32,63,71,83,NULL,NULL,NULL,NULL,NULL),(22,273,3,19,37,40,73,4,28,47,53,81,12,31,61,77,85,NULL,NULL,NULL,NULL,NULL),(23,272,7,11,39,56,66,23,41,50,75,89,9,10,24,69,81,NULL,NULL,NULL,NULL,NULL),(24,271,3,45,58,71,80,11,22,38,51,67,25,31,62,78,81,NULL,NULL,NULL,NULL,NULL),(25,270,1,49,57,72,82,12,25,38,54,66,29,34,60,77,81,NULL,NULL,NULL,NULL,NULL),(26,269,9,15,32,50,67,28,48,68,74,88,3,21,37,43,75,NULL,NULL,NULL,NULL,NULL),(27,268,12,30,42,58,80,1,10,38,65,78,20,44,56,68,83,NULL,NULL,NULL,NULL,NULL),(28,267,8,18,38,57,63,27,40,54,79,87,9,17,21,69,84,NULL,NULL,NULL,NULL,NULL),(29,266,1,16,33,52,68,20,46,67,75,85,3,21,37,40,74,NULL,NULL,NULL,NULL,NULL),(30,265,14,31,44,53,86,2,10,34,67,72,27,41,58,66,81,NULL,NULL,NULL,NULL,NULL),(31,264,3,18,46,58,72,12,26,35,53,63,29,30,61,75,84,NULL,NULL,NULL,NULL,NULL),(32,263,5,19,34,51,65,25,47,66,73,86,2,22,37,44,77,NULL,NULL,NULL,NULL,NULL),(33,262,9,14,38,56,68,29,41,52,75,89,6,13,22,60,84,NULL,NULL,NULL,NULL,NULL),(34,261,4,45,59,79,83,11,27,37,50,68,25,32,60,77,87,NULL,NULL,NULL,NULL,NULL),(35,260,13,31,44,56,87,4,11,39,69,75,28,42,55,65,84,NULL,NULL,NULL,NULL,NULL),(36,259,5,46,53,74,83,12,27,38,52,62,29,32,64,75,81,NULL,NULL,NULL,NULL,NULL),(37,258,10,33,41,50,86,2,13,30,66,76,25,44,58,60,83,NULL,NULL,NULL,NULL,NULL),(38,257,5,12,39,58,60,26,44,59,79,89,9,10,24,69,83,NULL,NULL,NULL,NULL,NULL),(39,256,3,19,34,57,65,24,47,67,72,86,5,20,36,40,77,NULL,NULL,NULL,NULL,NULL),(40,255,12,31,40,58,87,5,16,36,69,78,26,44,55,66,86,NULL,NULL,NULL,NULL,NULL),(41,254,1,17,35,43,60,12,20,45,55,70,2,18,32,62,85,NULL,NULL,NULL,NULL,NULL),(42,253,5,17,30,54,65,24,49,64,72,88,1,22,31,41,74,NULL,NULL,NULL,NULL,NULL),(43,252,10,31,44,55,83,5,12,34,69,73,27,43,56,63,90,NULL,NULL,NULL,NULL,NULL),(44,251,2,29,32,46,70,22,35,51,62,88,8,15,42,61,71,NULL,NULL,NULL,NULL,NULL),(45,250,4,15,26,62,89,9,39,49,52,84,18,20,30,68,72,NULL,NULL,NULL,NULL,NULL),(46,249,13,31,44,51,89,1,11,35,65,79,26,43,55,61,81,NULL,NULL,NULL,NULL,NULL),(47,248,5,11,26,61,87,6,37,49,53,81,19,21,31,66,71,NULL,NULL,NULL,NULL,NULL),(48,247,2,45,59,71,84,11,29,39,51,68,25,34,61,75,81,NULL,NULL,NULL,NULL,NULL),(49,246,8,28,34,41,74,21,39,52,61,88,9,19,40,62,71,NULL,NULL,NULL,NULL,NULL),(50,245,6,10,37,51,63,28,40,54,71,86,9,14,23,65,81,NULL,NULL,NULL,NULL,NULL),(51,244,9,27,30,41,74,22,38,51,61,89,7,19,43,64,71,NULL,NULL,NULL,NULL,NULL),(52,243,12,34,42,57,86,4,13,36,60,78,28,40,56,68,84,NULL,NULL,NULL,NULL,NULL),(53,242,12,31,40,58,88,2,10,36,68,77,28,47,56,65,85,NULL,NULL,NULL,NULL,NULL),(54,241,5,16,28,63,87,1,39,49,51,81,17,22,37,69,79,NULL,NULL,NULL,NULL,NULL),(55,240,9,25,30,48,71,23,37,50,66,88,6,16,42,65,74,NULL,NULL,NULL,NULL,NULL),(56,239,4,18,29,53,86,7,37,46,60,82,15,20,32,67,77,NULL,NULL,NULL,NULL,NULL),(57,238,4,19,26,64,88,8,39,46,53,84,15,23,33,65,77,NULL,NULL,NULL,NULL,NULL),(58,237,4,49,58,74,82,11,27,36,53,66,26,32,62,79,84,NULL,NULL,NULL,NULL,NULL),(59,236,1,18,34,52,66,24,45,69,78,86,5,23,37,41,76,NULL,NULL,NULL,NULL,NULL),(60,235,6,27,32,45,71,22,37,53,62,86,7,18,41,64,70,NULL,NULL,NULL,NULL,NULL),(61,234,14,30,43,56,86,9,10,36,61,76,29,41,59,68,85,NULL,NULL,NULL,NULL,NULL),(62,233,5,19,33,51,67,24,47,68,74,90,3,21,36,44,79,NULL,NULL,NULL,NULL,NULL),(63,232,3,19,34,54,66,22,43,68,71,90,5,24,37,41,77,NULL,NULL,NULL,NULL,NULL),(64,231,8,26,31,49,72,22,33,51,64,89,9,17,42,62,73,NULL,NULL,NULL,NULL,NULL),(65,230,1,19,30,54,68,20,48,66,71,87,3,24,38,44,70,NULL,NULL,NULL,NULL,NULL),(66,229,13,34,40,57,86,1,10,38,67,75,26,43,59,68,83,NULL,NULL,NULL,NULL,NULL),(67,228,4,16,30,54,68,22,44,66,75,88,1,23,37,40,78,NULL,NULL,NULL,NULL,NULL),(68,227,5,15,25,63,88,8,37,47,50,81,17,23,33,68,75,NULL,NULL,NULL,NULL,NULL),(69,226,2,18,26,61,90,8,37,46,50,84,17,20,31,67,75,NULL,NULL,NULL,NULL,NULL),(70,225,2,19,27,62,89,5,38,46,50,84,17,22,32,66,78,NULL,NULL,NULL,NULL,NULL),(71,224,5,17,30,51,64,24,48,66,73,88,1,22,39,41,78,NULL,NULL,NULL,NULL,NULL),(72,223,4,13,31,56,86,11,37,41,65,76,27,43,57,66,83,NULL,NULL,NULL,NULL,NULL),(73,222,6,29,31,45,72,22,38,53,64,89,7,15,42,65,74,NULL,NULL,NULL,NULL,NULL),(74,221,7,18,39,58,64,29,44,53,76,89,6,10,23,68,83,NULL,NULL,NULL,NULL,NULL),(75,220,8,27,33,46,74,21,37,51,60,86,6,10,42,61,71,NULL,NULL,NULL,NULL,NULL),(76,219,11,34,40,55,88,4,10,37,65,79,27,44,58,60,83,NULL,NULL,NULL,NULL,NULL),(77,218,9,11,39,59,62,28,41,53,75,89,6,13,23,66,83,NULL,NULL,NULL,NULL,NULL),(78,217,5,19,28,62,87,7,36,45,52,85,17,21,32,65,78,NULL,NULL,NULL,NULL,NULL),(79,216,1,48,58,71,83,10,29,36,50,66,28,34,60,77,81,NULL,NULL,NULL,NULL,NULL),(80,215,1,19,26,60,88,6,36,48,51,85,16,22,33,66,77,NULL,NULL,NULL,NULL,NULL),(81,214,1,49,59,73,81,11,28,39,53,69,29,34,60,78,83,NULL,NULL,NULL,NULL,NULL),(82,213,5,17,29,61,86,8,36,49,54,83,15,21,30,66,73,NULL,NULL,NULL,NULL,NULL),(83,212,8,26,34,47,73,21,38,54,63,88,6,18,42,60,75,NULL,NULL,NULL,NULL,NULL),(84,211,8,25,31,48,74,21,34,53,63,86,5,16,42,61,72,NULL,NULL,NULL,NULL,NULL),(85,210,11,31,42,59,88,5,13,36,67,75,26,41,58,65,81,NULL,NULL,NULL,NULL,NULL),(86,209,3,15,25,62,87,7,36,46,50,81,19,20,33,67,76,NULL,NULL,NULL,NULL,NULL),(87,208,7,29,35,49,74,24,39,54,62,88,8,17,43,61,73,NULL,NULL,NULL,NULL,NULL),(88,207,8,10,35,55,62,27,43,54,78,90,7,12,24,67,82,NULL,NULL,NULL,NULL,NULL),(89,206,13,31,42,55,85,4,18,35,66,79,28,44,57,68,88,NULL,NULL,NULL,NULL,NULL),(90,205,3,19,25,61,87,6,37,48,50,82,17,20,34,66,74,NULL,NULL,NULL,NULL,NULL),(91,204,14,31,40,55,88,1,11,34,67,78,25,44,57,66,81,NULL,NULL,NULL,NULL,NULL),(92,203,4,17,26,64,85,5,38,47,51,82,19,24,30,68,78,NULL,NULL,NULL,NULL,NULL),(93,202,4,13,31,55,86,11,36,41,65,76,27,42,57,66,83,NULL,NULL,NULL,NULL,NULL),(94,201,2,15,31,53,64,21,48,67,72,88,1,22,37,43,76,NULL,NULL,NULL,NULL,NULL),(95,200,14,30,42,55,87,2,12,38,68,79,28,41,59,69,83,NULL,NULL,NULL,NULL,NULL),(96,199,8,14,37,59,62,28,42,52,79,90,7,10,21,67,81,NULL,NULL,NULL,NULL,NULL),(97,198,1,15,33,52,66,20,48,68,73,89,5,21,38,44,78,NULL,NULL,NULL,NULL,NULL),(98,197,4,17,28,62,87,7,36,48,52,80,16,23,31,65,77,NULL,NULL,NULL,NULL,NULL),(99,196,9,11,37,57,61,25,44,52,77,90,7,14,23,68,81,NULL,NULL,NULL,NULL,NULL),(100,195,1,19,28,62,88,3,35,49,50,84,17,20,31,68,77,NULL,NULL,NULL,NULL,NULL),(101,194,3,18,26,63,90,9,37,47,50,85,16,20,32,67,76,NULL,NULL,NULL,NULL,NULL),(102,193,7,14,36,57,62,28,42,54,78,90,6,11,24,65,82,NULL,NULL,NULL,NULL,NULL),(103,192,7,14,37,58,61,28,43,54,78,90,6,11,24,66,84,NULL,NULL,NULL,NULL,NULL),(104,191,4,15,33,51,66,23,46,69,73,88,1,21,37,43,76,NULL,NULL,NULL,NULL,NULL),(105,190,4,45,55,72,84,14,28,36,50,66,27,30,62,75,82,NULL,NULL,NULL,NULL,NULL),(106,189,13,31,44,57,87,3,12,39,67,77,26,41,58,69,90,NULL,NULL,NULL,NULL,NULL),(107,188,2,17,34,51,65,22,46,63,74,85,4,20,38,42,76,NULL,NULL,NULL,NULL,NULL),(108,187,4,48,57,74,82,15,29,37,63,76,27,33,50,60,84,NULL,NULL,NULL,NULL,NULL),(109,186,3,19,28,63,90,5,38,47,54,83,18,23,30,65,78,NULL,NULL,NULL,NULL,NULL),(110,185,3,48,55,70,80,15,25,39,50,68,28,32,63,76,84,NULL,NULL,NULL,NULL,NULL),(111,184,3,18,32,53,65,23,47,67,72,88,1,24,38,43,76,NULL,NULL,NULL,NULL,NULL),(112,183,5,16,32,54,65,24,46,69,73,88,3,23,36,40,74,NULL,NULL,NULL,NULL,NULL),(113,182,5,11,38,59,61,27,41,54,79,89,6,10,24,69,83,NULL,NULL,NULL,NULL,NULL),(114,181,7,13,37,56,61,20,41,53,75,86,6,14,22,63,85,NULL,NULL,NULL,NULL,NULL),(115,180,6,10,38,58,63,24,40,51,76,87,8,13,21,69,84,NULL,NULL,NULL,NULL,NULL),(116,179,1,18,31,53,65,20,42,67,75,88,8,23,35,44,74,NULL,NULL,NULL,NULL,NULL),(117,178,6,29,35,48,72,22,38,54,61,88,7,18,44,62,73,NULL,NULL,NULL,NULL,NULL),(118,177,11,30,43,59,87,2,10,36,69,77,29,42,57,68,82,NULL,NULL,NULL,NULL,NULL),(119,176,6,21,42,65,82,15,20,34,54,73,3,12,40,64,90,NULL,NULL,NULL,NULL,NULL),(120,175,5,47,57,72,81,13,26,39,54,66,27,31,66,77,83,NULL,NULL,NULL,NULL,NULL),(121,174,8,25,30,47,75,23,37,53,63,86,9,17,41,61,72,NULL,NULL,NULL,NULL,NULL),(122,173,7,29,30,45,72,20,38,52,61,86,8,15,47,63,72,NULL,NULL,NULL,NULL,NULL),(123,172,2,47,55,73,85,11,29,35,50,68,25,30,62,77,82,NULL,NULL,NULL,NULL,NULL),(124,171,8,10,37,55,63,25,42,53,76,89,9,11,23,67,82,NULL,NULL,NULL,NULL,NULL),(125,170,11,30,40,56,88,5,12,37,65,78,26,41,55,67,84,NULL,NULL,NULL,NULL,NULL),(126,169,13,30,40,58,87,4,10,39,68,77,28,41,55,69,83,NULL,NULL,NULL,NULL,NULL),(127,168,5,47,59,70,82,10,27,37,54,69,28,30,61,79,84,NULL,NULL,NULL,NULL,NULL),(128,167,2,47,59,74,81,11,28,35,54,66,27,32,62,76,83,NULL,NULL,NULL,NULL,NULL),(129,166,7,12,37,55,63,29,45,50,79,88,9,14,20,68,81,NULL,NULL,NULL,NULL,NULL),(130,165,14,34,42,55,89,5,10,35,66,78,28,43,59,65,82,NULL,NULL,NULL,NULL,NULL),(131,164,3,23,38,68,81,15,34,51,75,90,2,21,45,67,73,NULL,NULL,NULL,NULL,NULL),(132,163,3,48,57,71,80,10,28,39,53,66,26,32,63,77,81,NULL,NULL,NULL,NULL,NULL),(133,162,7,12,38,58,63,24,41,52,78,89,8,22,44,67,83,NULL,NULL,NULL,NULL,NULL),(134,161,1,46,59,75,82,13,26,38,53,68,29,33,65,77,81,NULL,NULL,NULL,NULL,NULL),(135,160,7,12,36,55,63,29,44,50,78,89,9,14,20,66,80,NULL,NULL,NULL,NULL,NULL),(136,159,8,28,32,47,73,21,37,55,61,84,7,15,44,60,71,NULL,NULL,NULL,NULL,NULL),(137,158,14,35,56,71,87,1,21,40,69,82,12,36,57,73,84,NULL,NULL,NULL,NULL,NULL),(138,157,13,37,45,67,88,2,29,31,52,77,17,28,49,61,80,NULL,NULL,NULL,NULL,NULL),(139,156,3,26,32,46,64,15,39,51,79,86,7,48,53,65,89,NULL,NULL,NULL,NULL,NULL),(140,155,4,25,44,68,90,16,24,38,55,74,6,19,33,58,76,NULL,NULL,NULL,NULL,NULL),(141,154,11,23,42,54,70,5,27,59,60,75,18,34,47,63,83,NULL,NULL,NULL,NULL,NULL),(142,153,8,20,43,66,85,10,30,50,62,78,9,22,41,72,81,NULL,NULL,NULL,NULL,NULL),(143,152,22,39,56,60,70,11,30,42,68,82,1,27,52,76,88,NULL,NULL,NULL,NULL,NULL),(144,151,2,23,40,51,72,12,35,54,66,87,4,29,44,63,86,NULL,NULL,NULL,NULL,NULL),(145,150,24,34,57,71,85,3,14,25,47,62,6,16,38,79,89,NULL,NULL,NULL,NULL,NULL),(146,149,5,13,49,59,74,28,33,50,67,81,8,18,46,78,83,NULL,NULL,NULL,NULL,NULL),(147,148,17,21,32,58,77,7,37,48,53,61,10,26,41,65,80,NULL,NULL,NULL,NULL,NULL),(148,147,15,31,55,73,84,9,20,45,69,75,19,36,43,64,90,NULL,NULL,NULL,NULL,NULL),(149,146,1,31,43,54,60,14,41,56,71,90,2,22,35,64,73,NULL,NULL,NULL,NULL,NULL),(150,145,25,36,45,57,84,17,38,62,75,89,3,13,47,69,79,NULL,NULL,NULL,NULL,NULL),(151,144,19,30,44,63,72,4,23,52,76,86,15,27,39,68,82,NULL,NULL,NULL,NULL,NULL),(152,143,5,10,24,50,87,18,20,42,66,88,9,34,55,70,85,NULL,NULL,NULL,NULL,NULL),(153,142,6,26,49,59,81,16,37,48,65,77,8,28,33,67,78,NULL,NULL,NULL,NULL,NULL),(154,141,12,29,40,58,80,7,21,53,61,74,11,32,46,51,83,NULL,NULL,NULL,NULL,NULL),(155,140,18,30,48,61,89,1,23,57,78,87,16,35,43,50,73,NULL,NULL,NULL,NULL,NULL),(156,139,11,47,67,75,90,2,20,45,55,71,19,38,59,68,88,NULL,NULL,NULL,NULL,NULL),(157,138,6,14,27,49,70,13,36,58,77,80,3,24,41,66,86,NULL,NULL,NULL,NULL,NULL),(158,137,10,34,42,64,72,4,29,37,62,83,7,21,32,51,84,NULL,NULL,NULL,NULL,NULL),(159,136,5,26,40,63,85,9,28,33,56,74,15,31,54,65,82,NULL,NULL,NULL,NULL,NULL),(160,135,17,39,46,69,81,8,25,44,52,79,12,22,53,60,76,NULL,NULL,NULL,NULL,NULL),(161,134,13,29,44,53,71,1,39,57,60,77,4,23,48,62,89,NULL,NULL,NULL,NULL,NULL),(162,133,16,33,42,68,80,2,21,43,58,79,3,26,30,67,87,NULL,NULL,NULL,NULL,NULL),(163,132,5,15,25,47,61,19,31,59,64,84,32,45,51,76,88,NULL,NULL,NULL,NULL,NULL),(164,131,7,22,46,65,70,14,37,55,74,81,10,35,56,78,83,NULL,NULL,NULL,NULL,NULL),(165,130,6,20,34,52,72,12,27,49,63,73,9,17,38,54,90,NULL,NULL,NULL,NULL,NULL),(166,129,8,24,40,69,82,18,36,50,75,85,11,28,41,66,86,NULL,NULL,NULL,NULL,NULL),(167,128,3,26,41,73,80,15,22,30,57,60,1,20,37,42,87,NULL,NULL,NULL,NULL,NULL),(168,127,23,48,50,65,85,2,29,36,68,71,14,34,51,70,84,NULL,NULL,NULL,NULL,NULL),(169,126,16,36,57,68,86,19,39,45,56,73,9,21,47,61,82,NULL,NULL,NULL,NULL,NULL),(170,125,12,48,68,76,89,2,21,46,56,72,18,39,58,69,88,NULL,NULL,NULL,NULL,NULL),(171,124,6,27,41,64,86,8,29,34,57,75,16,32,55,66,83,NULL,NULL,NULL,NULL,NULL),(172,123,25,35,58,72,86,4,15,26,48,63,7,17,39,78,88,NULL,NULL,NULL,NULL,NULL),(173,122,5,11,25,51,88,19,21,43,67,89,8,35,56,71,86,NULL,NULL,NULL,NULL,NULL),(174,121,2,24,41,52,73,13,36,55,67,88,5,28,45,64,87,NULL,NULL,NULL,NULL,NULL),(175,120,8,25,41,68,83,19,37,51,76,86,12,29,42,67,87,NULL,NULL,NULL,NULL,NULL),(176,119,6,15,28,48,71,14,37,59,78,81,4,25,42,67,87,NULL,NULL,NULL,NULL,NULL),(177,118,6,16,26,48,62,18,32,58,65,85,33,46,52,77,89,NULL,NULL,NULL,NULL,NULL),(178,117,17,34,43,69,81,2,22,44,59,78,4,27,31,68,88,NULL,NULL,NULL,NULL,NULL),(179,116,14,38,46,68,89,3,28,32,53,78,18,29,48,62,81,NULL,NULL,NULL,NULL,NULL),(180,115,9,21,44,67,86,11,31,51,62,79,8,23,42,73,81,NULL,NULL,NULL,NULL,NULL),(181,114,7,21,35,53,73,13,28,48,64,74,8,18,39,55,89,NULL,NULL,NULL,NULL,NULL),(182,113,23,38,56,61,71,12,31,43,69,83,2,28,53,77,89,NULL,NULL,NULL,NULL,NULL),(183,112,15,36,57,72,88,2,22,41,68,83,13,37,58,74,85,NULL,NULL,NULL,NULL,NULL),(184,111,11,35,43,65,73,5,28,38,63,84,8,22,33,52,85,NULL,NULL,NULL,NULL,NULL),(185,110,8,18,41,68,89,26,46,54,67,87,17,32,44,56,78,NULL,NULL,NULL,NULL,NULL),(186,109,3,27,42,74,81,16,23,31,58,61,2,21,38,43,88,NULL,NULL,NULL,NULL,NULL),(187,108,16,32,56,74,85,8,21,46,68,76,18,37,44,65,89,NULL,NULL,NULL,NULL,NULL),(188,107,6,14,48,58,75,29,34,51,68,82,9,19,47,79,84,NULL,NULL,NULL,NULL,NULL),(189,106,24,49,51,66,86,3,28,37,69,72,15,35,52,71,85,NULL,NULL,NULL,NULL,NULL),(190,105,6,27,47,58,72,15,32,55,78,83,4,29,41,66,77,NULL,NULL,NULL,NULL,NULL),(191,104,4,27,33,47,65,16,38,52,78,87,8,49,54,66,90,NULL,NULL,NULL,NULL,NULL),(192,103,14,28,46,63,90,7,25,38,52,75,18,31,48,69,87,NULL,NULL,NULL,NULL,NULL),(193,102,8,23,47,66,71,15,38,56,75,82,11,36,57,79,84,NULL,NULL,NULL,NULL,NULL),(194,101,7,27,48,58,82,17,38,49,66,78,9,29,34,68,79,NULL,NULL,NULL,NULL,NULL),(195,100,19,31,49,62,90,2,24,58,79,88,17,36,44,51,74,NULL,NULL,NULL,NULL,NULL),(196,99,12,24,43,55,71,6,28,58,61,75,19,35,48,64,84,NULL,NULL,NULL,NULL,NULL),(197,98,5,26,45,69,89,16,25,39,56,75,7,18,34,59,77,NULL,NULL,NULL,NULL,NULL),(198,97,6,27,48,58,71,15,32,55,78,83,4,29,41,66,77,NULL,NULL,NULL,NULL,NULL),(199,96,2,32,44,55,61,15,42,57,72,89,3,23,36,65,74,NULL,NULL,NULL,NULL,NULL),(200,95,26,37,46,58,85,18,39,63,76,90,4,14,48,68,78,NULL,NULL,NULL,NULL,NULL),(201,94,13,28,41,59,81,7,22,54,62,75,12,33,47,52,83,NULL,NULL,NULL,NULL,NULL),(202,93,18,22,33,59,78,8,38,49,54,62,11,27,42,66,81,NULL,NULL,NULL,NULL,NULL),(203,92,18,31,45,64,73,5,24,53,77,87,16,28,38,69,83,NULL,NULL,NULL,NULL,NULL),(204,91,7,28,42,65,87,6,26,35,58,76,17,33,56,67,85,NULL,NULL,NULL,NULL,NULL),(205,90,26,36,59,73,87,5,16,27,49,65,8,18,35,77,86,NULL,NULL,NULL,NULL,NULL),(206,89,7,12,26,52,89,16,22,44,68,86,6,36,57,72,87,NULL,NULL,NULL,NULL,NULL),(207,88,4,25,42,53,75,14,37,56,68,89,6,27,46,65,88,NULL,NULL,NULL,NULL,NULL),(208,87,8,11,38,58,63,28,41,54,76,89,7,12,24,68,81,NULL,NULL,NULL,NULL,NULL),(209,86,2,19,27,65,89,7,38,47,53,82,11,24,34,66,78,NULL,NULL,NULL,NULL,NULL),(210,85,3,18,31,51,67,24,47,69,73,87,4,22,38,43,78,NULL,NULL,NULL,NULL,NULL),(211,84,11,32,53,74,85,9,16,47,63,87,28,34,57,78,89,NULL,NULL,NULL,NULL,NULL),(212,83,8,26,37,53,63,18,38,42,75,81,18,38,55,77,83,NULL,NULL,NULL,NULL,NULL),(213,82,6,12,43,53,73,8,31,48,67,83,29,36,55,76,85,NULL,NULL,NULL,NULL,NULL),(214,81,11,32,43,57,74,17,26,58,78,87,8,28,38,62,90,NULL,NULL,NULL,NULL,NULL),(215,80,2,48,56,75,85,15,27,37,52,69,28,34,65,78,84,NULL,NULL,NULL,NULL,NULL),(216,79,2,18,28,62,89,8,38,49,54,81,19,22,33,67,79,NULL,NULL,NULL,NULL,NULL),(217,78,7,11,37,58,61,25,44,51,76,88,8,13,22,66,84,NULL,NULL,NULL,NULL,NULL),(218,77,14,31,42,58,89,8,11,35,69,79,26,41,59,68,84,NULL,NULL,NULL,NULL,NULL),(219,76,16,28,46,63,88,4,28,35,56,71,18,37,59,79,89,NULL,NULL,NULL,NULL,NULL),(220,75,4,19,28,64,88,15,36,48,53,81,4,22,32,66,77,NULL,NULL,NULL,NULL,NULL),(221,74,3,49,59,74,82,13,26,35,52,67,28,35,64,78,80,NULL,NULL,NULL,NULL,NULL),(222,73,14,32,43,56,86,4,19,36,67,77,28,45,57,68,88,NULL,NULL,NULL,NULL,NULL),(223,72,2,16,31,66,86,9,35,55,67,73,18,22,48,69,78,NULL,NULL,NULL,NULL,NULL),(224,71,5,23,33,55,62,11,36,43,73,86,19,37,58,77,90,NULL,NULL,NULL,NULL,NULL),(225,70,14,21,58,65,83,5,33,43,71,88,18,38,59,76,89,NULL,NULL,NULL,NULL,NULL),(226,69,13,34,53,71,85,5,19,46,67,88,28,38,54,77,90,NULL,NULL,NULL,NULL,NULL),(227,68,11,33,47,51,75,17,23,56,78,82,9,27,36,62,89,NULL,NULL,NULL,NULL,NULL),(228,67,33,48,52,71,87,7,27,38,56,65,16,39,57,74,90,NULL,NULL,NULL,NULL,NULL),(229,66,5,11,35,63,86,7,39,52,66,74,18,21,41,69,78,NULL,NULL,NULL,NULL,NULL),(230,65,6,23,34,51,65,14,36,48,75,83,18,39,58,77,85,NULL,NULL,NULL,NULL,NULL),(231,64,11,32,57,67,85,7,24,41,68,72,14,35,44,66,89,NULL,NULL,NULL,NULL,NULL),(232,63,15,21,58,77,85,8,27,33,68,89,19,37,41,59,78,NULL,NULL,NULL,NULL,NULL),(233,62,31,42,53,74,85,13,35,56,78,88,7,29,38,58,62,NULL,NULL,NULL,NULL,NULL),(234,61,8,24,31,47,70,22,37,50,65,89,7,17,42,65,72,NULL,NULL,NULL,NULL,NULL),(235,60,2,14,39,59,61,26,42,50,79,88,8,12,21,68,84,NULL,NULL,NULL,NULL,NULL),(236,59,8,28,31,47,75,23,37,53,67,89,7,13,45,68,76,NULL,NULL,NULL,NULL,NULL),(237,58,9,23,34,49,73,22,35,57,64,88,5,12,43,65,78,NULL,NULL,NULL,NULL,NULL),(238,57,9,10,34,55,64,26,43,50,77,89,5,12,22,66,82,NULL,NULL,NULL,NULL,NULL),(239,56,9,22,33,48,74,24,35,54,63,83,8,12,45,65,70,NULL,NULL,NULL,NULL,NULL),(240,55,1,21,35,47,78,23,38,55,69,87,8,16,44,63,70,NULL,NULL,NULL,NULL,NULL),(241,54,9,25,36,41,74,28,39,52,69,82,4,15,49,64,79,NULL,NULL,NULL,NULL,NULL),(242,53,3,16,25,61,88,6,38,45,51,84,18,20,36,69,78,NULL,NULL,NULL,NULL,NULL),(243,52,4,18,31,52,66,25,38,58,72,86,5,22,44,60,71,NULL,NULL,NULL,NULL,NULL),(244,51,7,25,49,52,72,17,37,62,74,90,6,29,51,69,83,NULL,NULL,NULL,NULL,NULL),(245,50,8,11,36,56,62,28,43,51,79,88,9,12,21,65,84,NULL,NULL,NULL,NULL,NULL),(246,49,13,33,40,59,85,3,15,37,67,75,21,42,58,69,84,NULL,NULL,NULL,NULL,NULL),(247,48,4,15,26,64,87,6,36,48,51,83,17,21,31,67,78,NULL,NULL,NULL,NULL,NULL),(248,47,8,17,27,62,89,7,37,48,53,82,16,23,30,68,78,NULL,NULL,NULL,NULL,NULL),(249,46,4,48,57,73,83,12,27,35,53,65,29,34,64,76,87,NULL,NULL,NULL,NULL,NULL),(250,45,5,15,26,60,86,7,35,48,54,87,19,22,31,67,78,NULL,NULL,NULL,NULL,NULL),(251,44,3,47,55,74,81,14,27,39,50,66,25,34,60,79,84,NULL,NULL,NULL,NULL,NULL),(252,43,9,28,30,47,74,23,39,55,64,85,8,16,44,62,79,NULL,NULL,NULL,NULL,NULL),(253,42,4,12,34,55,61,27,40,51,77,89,7,11,20,65,80,NULL,NULL,NULL,NULL,NULL),(254,41,8,10,35,55,61,27,43,54,77,90,7,12,24,67,81,NULL,NULL,NULL,NULL,NULL),(255,40,7,27,34,48,74,20,38,53,60,86,8,18,41,63,70,NULL,NULL,NULL,NULL,NULL),(256,39,4,15,27,60,87,7,36,48,53,83,18,23,31,67,77,NULL,NULL,NULL,NULL,NULL),(257,38,9,17,27,69,89,8,37,49,53,82,15,23,31,68,78,NULL,NULL,NULL,NULL,NULL),(258,37,5,15,34,53,65,24,37,44,71,87,2,22,40,66,75,NULL,NULL,NULL,NULL,NULL),(259,36,4,13,31,55,85,11,36,41,65,75,27,42,57,66,82,NULL,NULL,NULL,NULL,NULL),(260,35,16,26,52,60,90,7,37,48,53,81,17,23,32,66,75,NULL,NULL,NULL,NULL,NULL),(261,34,11,34,40,55,86,4,10,37,65,77,27,44,58,69,82,NULL,NULL,NULL,NULL,NULL),(262,33,5,15,32,51,69,23,45,68,71,85,3,22,38,42,75,NULL,NULL,NULL,NULL,NULL),(263,32,1,16,32,53,67,20,44,68,74,85,4,21,39,43,79,NULL,NULL,NULL,NULL,NULL),(264,31,13,30,43,56,85,1,10,36,61,75,28,41,59,68,84,NULL,NULL,NULL,NULL,NULL),(265,30,7,21,30,52,65,32,45,53,71,85,12,34,56,73,90,NULL,NULL,NULL,NULL,NULL),(266,29,14,32,53,72,86,7,23,38,55,60,39,41,58,75,88,NULL,NULL,NULL,NULL,NULL),(267,28,1,30,53,62,71,15,22,44,66,75,8,19,34,69,83,NULL,NULL,NULL,NULL,NULL),(268,27,2,16,32,54,69,21,48,68,70,87,3,24,39,40,75,NULL,NULL,NULL,NULL,NULL),(269,26,3,16,27,68,86,8,35,47,54,80,15,22,30,66,77,NULL,NULL,NULL,NULL,NULL),(270,24,10,24,48,68,81,8,27,31,51,70,13,33,52,72,86,NULL,NULL,NULL,NULL,NULL),(271,23,8,27,35,49,73,23,39,54,60,88,9,18,41,61,74,NULL,NULL,NULL,NULL,NULL),(272,22,2,24,30,50,64,14,38,43,71,83,18,39,56,78,84,NULL,NULL,NULL,NULL,NULL),(273,21,4,26,30,52,60,36,41,58,74,83,12,39,59,77,88,NULL,NULL,NULL,NULL,NULL),(274,20,14,31,44,59,87,2,10,34,67,74,27,41,58,64,84,NULL,NULL,NULL,NULL,NULL),(275,19,10,30,43,56,90,6,11,36,66,75,25,48,55,69,84,NULL,NULL,NULL,NULL,NULL),(276,18,1,10,39,58,60,26,42,54,77,86,8,13,23,67,80,NULL,NULL,NULL,NULL,NULL),(277,17,3,16,26,64,88,6,39,45,54,84,19,21,34,69,76,NULL,NULL,NULL,NULL,NULL),(278,16,2,49,59,73,80,11,29,39,53,68,28,34,60,78,82,NULL,NULL,NULL,NULL,NULL),(279,15,12,34,43,58,85,2,15,35,68,75,26,45,59,67,81,NULL,NULL,NULL,NULL,NULL),(280,14,7,26,30,47,74,24,37,53,63,85,9,18,41,61,71,NULL,NULL,NULL,NULL,NULL),(281,13,8,27,32,48,70,24,35,53,64,89,9,16,41,61,73,NULL,NULL,NULL,NULL,NULL),(282,12,4,19,34,51,68,25,47,66,73,89,3,22,37,44,78,NULL,NULL,NULL,NULL,NULL),(283,11,4,18,26,63,89,8,39,49,50,80,16,20,31,66,78,NULL,NULL,NULL,NULL,NULL),(284,10,7,18,26,63,85,9,39,47,51,81,12,24,32,68,77,NULL,NULL,NULL,NULL,NULL),(285,9,3,29,32,48,71,4,22,33,50,87,8,14,41,60,70,NULL,NULL,NULL,NULL,NULL),(286,8,5,19,24,60,88,8,35,47,53,84,18,23,30,65,71,NULL,NULL,NULL,NULL,NULL),(287,7,14,31,41,59,88,2,18,38,66,77,26,42,51,68,84,NULL,NULL,NULL,NULL,NULL),(288,6,6,28,31,48,78,21,35,52,64,89,7,18,45,61,71,NULL,NULL,NULL,NULL,NULL),(289,5,7,16,33,52,69,22,40,65,72,81,2,23,38,48,76,NULL,NULL,NULL,NULL,NULL),(290,4,7,27,35,48,73,23,39,54,60,88,9,19,41,61,74,NULL,NULL,NULL,NULL,NULL),(291,3,15,31,43,55,87,2,18,33,66,78,29,48,56,67,83,NULL,NULL,NULL,NULL,NULL),(292,2,4,27,41,55,82,13,29,35,52,78,9,38,62,70,83,NULL,NULL,NULL,NULL,NULL),(293,1,2,16,32,55,69,21,42,68,70,87,3,28,39,40,75,NULL,NULL,NULL,NULL,NULL),(294,295,12,36,52,75,84,4,22,41,64,85,9,16,34,57,76,NULL,NULL,NULL,NULL,NULL),(295,296,1,24,42,66,78,12,30,51,76,86,2,29,48,68,84,NULL,NULL,NULL,NULL,NULL),(296,297,10,20,34,52,75,4,17,35,53,70,6,27,47,60,90,NULL,NULL,NULL,NULL,NULL),(297,298,11,38,50,64,90,3,21,46,69,88,14,28,43,57,78,NULL,NULL,NULL,NULL,NULL),(298,299,10,38,56,61,81,6,24,33,59,71,9,11,47,62,90,NULL,NULL,NULL,NULL,NULL),(299,300,5,26,40,63,85,9,28,33,56,72,15,31,54,65,89,NULL,NULL,NULL,NULL,NULL),(300,301,5,12,35,58,64,29,43,53,78,83,8,14,23,69,86,NULL,NULL,NULL,NULL,NULL),(301,302,10,31,42,57,86,1,11,35,68,77,26,44,58,67,84,NULL,NULL,NULL,NULL,NULL),(302,303,9,25,33,47,71,20,39,55,64,89,6,17,44,65,74,NULL,NULL,NULL,NULL,NULL),(303,304,5,18,33,51,66,24,41,68,73,90,8,21,36,44,78,NULL,NULL,NULL,NULL,NULL),(304,305,8,18,28,62,89,5,36,47,53,71,16,20,33,68,82,NULL,NULL,NULL,NULL,NULL),(305,306,15,31,42,59,89,2,13,36,67,76,22,41,58,65,82,NULL,NULL,NULL,NULL,NULL),(306,307,3,18,33,53,69,22,47,65,71,89,2,21,39,44,75,NULL,NULL,NULL,NULL,NULL),(307,308,2,11,35,55,65,22,44,54,75,90,3,12,24,66,87,NULL,NULL,NULL,NULL,NULL),(308,309,18,31,43,59,88,1,26,36,68,77,11,45,57,67,82,NULL,NULL,NULL,NULL,NULL),(309,310,8,47,55,72,82,15,29,39,51,65,27,33,63,75,84,NULL,NULL,NULL,NULL,NULL),(310,314,6,17,29,64,85,8,35,46,51,83,18,21,32,69,79,NULL,NULL,NULL,NULL,NULL),(311,315,14,33,43,58,86,2,13,37,66,76,25,45,59,68,81,NULL,NULL,NULL,NULL,NULL),(312,316,2,49,56,74,81,12,27,39,54,69,24,35,64,79,83,NULL,NULL,NULL,NULL,NULL),(313,317,2,18,32,51,69,21,45,68,71,87,4,22,36,41,79,NULL,NULL,NULL,NULL,NULL),(314,318,4,48,56,74,81,12,27,38,53,68,25,34,64,79,83,NULL,NULL,NULL,NULL,NULL),(315,319,7,29,34,48,71,22,38,52,61,89,6,18,43,62,74,NULL,NULL,NULL,NULL,NULL),(316,320,9,14,37,59,62,29,42,52,79,90,6,10,21,67,81,NULL,NULL,NULL,NULL,NULL),(317,321,17,31,47,60,88,2,22,56,77,86,15,34,42,51,72,NULL,NULL,NULL,NULL,NULL),(318,322,5,25,48,58,80,15,35,47,64,76,7,27,32,66,77,NULL,NULL,NULL,NULL,NULL),(319,323,6,21,45,64,70,13,36,54,73,80,10,34,55,77,82,NULL,NULL,NULL,NULL,NULL),(320,324,12,28,44,61,88,5,23,38,50,73,16,31,48,67,85,NULL,NULL,NULL,NULL,NULL),(321,325,2,25,31,45,63,14,38,50,78,85,6,47,52,64,88,NULL,NULL,NULL,NULL,NULL),(322,326,5,25,46,58,70,13,30,53,78,81,2,27,41,64,75,NULL,NULL,NULL,NULL,NULL),(323,327,22,47,51,64,84,1,28,35,67,70,13,33,50,71,83,NULL,NULL,NULL,NULL,NULL),(324,328,4,12,48,58,73,27,32,51,66,80,7,17,45,77,82,NULL,NULL,NULL,NULL,NULL),(325,329,14,30,54,72,83,8,20,44,68,74,18,35,42,63,90,NULL,NULL,NULL,NULL,NULL),(326,330,2,25,40,72,81,14,21,31,56,61,3,20,36,41,86,NULL,NULL,NULL,NULL,NULL),(327,331,7,16,40,68,90,24,44,52,65,85,15,30,42,53,78,NULL,NULL,NULL,NULL,NULL),(328,332,11,33,41,63,71,3,28,36,61,82,6,20,31,51,83,NULL,NULL,NULL,NULL,NULL),(329,333,13,34,55,70,86,2,20,41,68,81,11,35,56,72,83,NULL,NULL,NULL,NULL,NULL),(330,334,21,38,55,61,71,10,31,41,67,81,2,26,51,75,87,NULL,NULL,NULL,NULL,NULL),(331,335,5,21,33,51,71,11,26,48,62,72,8,16,37,53,90,NULL,NULL,NULL,NULL,NULL),(332,336,10,46,66,74,89,1,21,44,54,70,18,37,58,67,87,NULL,NULL,NULL,NULL,NULL),(333,337,14,34,55,66,84,17,37,43,54,71,7,21,45,61,80,NULL,NULL,NULL,NULL,NULL),(334,338,7,21,42,65,84,11,31,51,61,77,8,23,40,71,80,NULL,NULL,NULL,NULL,NULL),(335,339,12,36,44,66,87,1,28,30,51,76,16,27,48,60,81,NULL,NULL,NULL,NULL,NULL),(336,340,12,28,43,52,70,2,38,56,60,76,3,22,47,61,88,NULL,NULL,NULL,NULL,NULL),(337,341,4,21,44,61,86,12,36,53,76,80,35,57,64,78,84,NULL,NULL,NULL,NULL,NULL),(338,342,27,43,54,62,77,4,18,48,57,74,12,38,66,73,81,NULL,NULL,NULL,NULL,NULL),(339,343,4,11,23,51,86,17,21,41,65,87,8,33,54,71,85,NULL,NULL,NULL,NULL,NULL),(340,344,3,11,26,45,76,17,31,63,71,80,7,20,34,51,82,NULL,NULL,NULL,NULL,NULL),(341,345,10,22,36,57,90,2,24,42,62,77,6,31,52,72,83,NULL,NULL,NULL,NULL,NULL),(342,346,5,13,26,48,71,12,35,57,76,81,2,23,40,65,85,NULL,NULL,NULL,NULL,NULL),(343,347,8,15,31,40,66,17,22,43,60,70,6,24,32,54,82,NULL,NULL,NULL,NULL,NULL),(344,348,11,21,33,51,71,3,16,34,52,72,5,26,46,61,89,NULL,NULL,NULL,NULL,NULL),(345,349,10,37,51,63,87,2,20,45,68,80,13,27,42,56,71,NULL,NULL,NULL,NULL,NULL),(346,350,11,37,55,60,88,5,23,32,58,75,8,10,46,61,87,NULL,NULL,NULL,NULL,NULL),(347,351,4,25,41,62,84,8,27,32,55,73,14,30,53,64,81,NULL,NULL,NULL,NULL,NULL),(348,352,11,35,51,74,82,3,21,40,63,81,8,15,33,56,71,NULL,NULL,NULL,NULL,NULL),(349,353,16,38,45,68,80,7,24,43,51,78,11,21,52,61,75,NULL,NULL,NULL,NULL,NULL),(350,354,2,20,47,65,76,11,32,51,60,87,18,26,41,68,86,NULL,NULL,NULL,NULL,NULL),(351,355,1,23,42,65,74,11,31,50,75,83,2,28,47,67,81,NULL,NULL,NULL,NULL,NULL),(352,356,15,32,41,67,81,1,20,42,57,78,2,25,31,66,86,NULL,NULL,NULL,NULL,NULL),(353,357,7,23,41,68,81,17,35,51,74,84,10,27,40,65,85,NULL,NULL,NULL,NULL,NULL),(354,358,26,33,56,70,84,2,13,24,46,61,5,15,37,78,88,NULL,NULL,NULL,NULL,NULL),(355,359,4,14,24,46,60,18,30,58,63,83,31,44,50,75,87,NULL,NULL,NULL,NULL,NULL),(356,360,1,22,41,50,71,11,34,53,65,86,3,28,43,62,85,NULL,NULL,NULL,NULL,NULL),(357,361,10,22,41,53,71,4,26,58,61,74,17,33,46,62,82,NULL,NULL,NULL,NULL,NULL),(358,362,3,24,43,67,90,15,23,37,54,73,5,18,32,57,75,NULL,NULL,NULL,NULL,NULL),(359,363,4,25,46,58,70,13,30,53,78,81,2,27,41,64,75,NULL,NULL,NULL,NULL,NULL),(360,364,1,30,42,53,61,13,40,55,70,89,2,21,34,63,72,NULL,NULL,NULL,NULL,NULL),(361,365,24,35,44,56,83,16,37,61,74,88,2,12,46,68,78,NULL,NULL,NULL,NULL,NULL),(362,366,11,28,41,57,81,6,20,52,60,73,10,31,45,50,82,NULL,NULL,NULL,NULL,NULL),(363,367,16,20,31,57,76,6,36,47,52,60,11,25,40,64,80,NULL,NULL,NULL,NULL,NULL),(364,368,18,30,43,62,72,3,22,51,75,85,14,26,38,67,81,NULL,NULL,NULL,NULL,NULL),(365,369,19,31,45,64,73,5,24,53,77,87,16,28,39,69,83,NULL,NULL,NULL,NULL,NULL),(366,370,18,22,33,59,78,8,38,49,54,62,11,27,42,66,81,NULL,NULL,NULL,NULL,NULL),(367,371,13,29,41,59,81,8,22,54,62,75,12,33,47,52,84,NULL,NULL,NULL,NULL,NULL),(368,372,26,37,46,58,85,18,39,63,76,90,4,14,48,69,79,NULL,NULL,NULL,NULL,NULL),(369,373,2,32,44,55,61,15,42,57,72,90,3,23,36,65,74,NULL,NULL,NULL,NULL,NULL),(370,374,6,27,48,59,72,15,32,55,79,83,4,29,41,66,77,NULL,NULL,NULL,NULL,NULL),(371,375,5,26,45,69,90,17,25,39,56,75,7,19,34,59,77,NULL,NULL,NULL,NULL,NULL),(372,376,12,24,43,55,71,6,28,59,61,76,19,35,48,64,84,NULL,NULL,NULL,NULL,NULL),(373,377,3,24,41,52,73,13,36,55,67,88,5,29,45,64,87,NULL,NULL,NULL,NULL,NULL),(374,378,6,16,26,48,62,19,32,59,65,85,33,46,52,77,89,NULL,NULL,NULL,NULL,NULL),(375,379,25,35,58,72,86,4,15,26,48,63,7,17,39,79,89,NULL,NULL,NULL,NULL,NULL),(376,380,9,25,41,69,83,19,37,51,76,86,12,29,42,67,87,NULL,NULL,NULL,NULL,NULL),(377,381,14,35,45,57,88,6,15,37,69,78,27,43,58,69,85,NULL,NULL,NULL,NULL,NULL),(378,382,4,16,35,52,67,23,48,66,74,90,3,25,39,44,76,NULL,NULL,NULL,NULL,NULL),(379,383,4,19,35,51,66,25,48,67,73,87,6,21,37,41,77,NULL,NULL,NULL,NULL,NULL),(380,384,4,19,35,55,68,23,44,69,71,90,6,25,38,42,79,NULL,NULL,NULL,NULL,NULL),(381,385,14,35,42,59,89,6,13,39,69,77,27,45,57,68,82,NULL,NULL,NULL,NULL,NULL),(382,386,3,48,69,74,81,12,29,36,55,65,28,33,63,77,83,NULL,NULL,NULL,NULL,NULL),(383,387,9,12,37,57,64,28,43,52,71,89,7,13,22,66,86,NULL,NULL,NULL,NULL,NULL),(384,388,9,29,35,46,71,25,36,52,64,90,7,13,43,63,72,NULL,NULL,NULL,NULL,NULL),(385,389,5,19,28,63,88,2,39,48,51,84,17,24,35,68,76,NULL,NULL,NULL,NULL,NULL),(386,390,3,18,26,64,90,5,39,48,54,81,19,24,35,67,79,NULL,NULL,NULL,NULL,NULL),(387,391,6,16,28,62,90,7,39,49,54,83,19,21,33,66,78,NULL,NULL,NULL,NULL,NULL),(388,392,4,49,59,71,90,11,29,37,55,69,27,35,62,78,85,NULL,NULL,NULL,NULL,NULL),(389,393,7,29,36,49,72,23,39,54,62,89,8,19,45,63,75,NULL,NULL,NULL,NULL,NULL),(390,394,14,34,45,56,87,6,16,38,67,76,29,42,57,66,81,NULL,NULL,NULL,NULL,NULL),(391,395,11,35,44,58,89,2,12,37,69,76,29,45,59,68,85,NULL,NULL,NULL,NULL,NULL),(392,396,3,19,34,54,69,23,48,68,72,89,2,22,39,45,76,NULL,NULL,NULL,NULL,NULL),(393,397,12,32,43,59,90,6,14,37,68,77,27,42,59,66,83,NULL,NULL,NULL,NULL,NULL),(394,398,6,19,29,63,90,9,37,48,54,72,17,21,34,69,83,NULL,NULL,NULL,NULL,NULL),(395,399,6,19,34,52,67,25,48,69,74,90,4,22,37,45,79,NULL,NULL,NULL,NULL,NULL),(396,400,8,28,34,48,72,21,39,51,65,90,7,18,45,62,75,NULL,NULL,NULL,NULL,NULL),(397,401,11,31,43,58,87,2,12,35,69,78,27,44,59,68,85,NULL,NULL,NULL,NULL,NULL),(398,402,7,13,36,59,65,29,44,54,79,84,9,14,23,98,87,NULL,NULL,NULL,NULL,NULL),(399,403,9,13,29,61,75,34,56,64,79,84,6,16,26,43,59,NULL,NULL,NULL,NULL,NULL),(400,404,3,39,52,63,74,8,12,23,49,57,28,37,45,71,89,NULL,NULL,NULL,NULL,NULL),(401,405,3,22,38,68,82,17,56,62,78,84,13,27,34,42,75,NULL,NULL,NULL,NULL,NULL),(402,406,7,39,53,62,74,5,19,21,46,57,22,37,49,76,87,NULL,NULL,NULL,NULL,NULL),(403,407,9,32,54,66,77,2,14,26,43,59,29,35,48,79,90,NULL,NULL,NULL,NULL,NULL),(404,408,7,37,57,69,71,3,19,25,44,53,23,39,49,76,81,NULL,NULL,NULL,NULL,NULL),(405,409,5,34,59,68,79,3,16,28,45,52,21,39,49,74,89,NULL,NULL,NULL,NULL,NULL),(406,410,2,13,29,49,89,26,37,45,54,69,4,17,39,78,86,NULL,NULL,NULL,NULL,NULL),(407,411,3,16,27,64,89,6,38,49,50,81,19,22,34,69,79,NULL,NULL,NULL,NULL,NULL),(408,412,1,15,34,54,68,21,43,65,70,90,3,25,38,41,79,NULL,NULL,NULL,NULL,NULL),(409,413,1,47,57,73,83,13,29,39,50,66,25,33,65,70,81,NULL,NULL,NULL,NULL,NULL),(410,414,2,27,47,57,70,10,36,53,69,89,28,31,64,77,83,NULL,NULL,NULL,NULL,NULL),(411,415,9,22,33,47,71,20,37,50,64,89,7,17,44,62,73,NULL,NULL,NULL,NULL,NULL),(412,416,4,16,27,62,88,7,37,48,54,84,16,21,34,66,78,NULL,NULL,NULL,NULL,NULL),(413,417,11,34,41,55,87,4,10,37,66,77,27,44,58,61,85,NULL,NULL,NULL,NULL,NULL),(414,418,13,34,42,51,86,2,14,39,67,76,28,41,58,68,83,NULL,NULL,NULL,NULL,NULL),(415,419,1,18,26,61,90,9,38,46,50,84,16,20,31,62,75,NULL,NULL,NULL,NULL,NULL),(416,420,4,19,35,51,69,24,46,66,72,90,8,24,38,41,76,NULL,NULL,NULL,NULL,NULL),(417,421,8,45,57,74,80,13,26,39,52,65,25,31,68,77,84,NULL,NULL,NULL,NULL,NULL),(418,422,3,48,59,72,83,19,27,35,53,68,21,34,64,76,82,NULL,NULL,NULL,NULL,NULL),(419,423,1,19,31,64,66,20,45,67,71,90,2,24,39,43,77,NULL,NULL,NULL,NULL,NULL),(420,424,7,29,30,48,74,27,39,52,62,85,8,18,42,60,71,NULL,NULL,NULL,NULL,NULL),(421,425,4,16,32,50,67,23,48,68,76,88,3,21,35,43,78,NULL,NULL,NULL,NULL,NULL),(422,426,3,17,29,64,88,4,35,47,50,81,16,21,31,69,79,NULL,NULL,NULL,NULL,NULL),(423,427,1,15,30,51,67,21,48,68,71,90,2,22,35,44,78,NULL,NULL,NULL,NULL,NULL),(424,428,6,48,57,74,82,14,29,38,63,76,28,33,51,60,85,NULL,NULL,NULL,NULL,NULL),(425,429,13,32,43,58,87,9,14,35,69,70,26,44,59,67,84,NULL,NULL,NULL,NULL,NULL),(426,430,11,31,41,55,87,2,12,38,66,78,25,42,56,67,83,NULL,NULL,NULL,NULL,NULL),(427,431,19,33,40,58,88,3,12,37,66,77,21,41,57,67,90,NULL,NULL,NULL,NULL,NULL),(428,432,7,26,30,46,79,24,36,51,60,88,8,16,40,64,73,NULL,NULL,NULL,NULL,NULL),(429,433,4,18,30,51,69,24,47,66,72,87,2,28,36,41,79,NULL,NULL,NULL,NULL,NULL),(430,434,5,47,55,70,84,12,28,38,58,67,27,30,61,76,81,NULL,NULL,NULL,NULL,NULL),(431,435,5,16,28,61,88,9,38,49,51,80,19,22,31,65,79,NULL,NULL,NULL,NULL,NULL),(432,436,2,29,48,57,71,11,36,53,69,89,28,30,65,77,84,NULL,NULL,NULL,NULL,NULL),(433,437,12,31,41,57,88,1,10,36,69,77,29,47,56,65,84,NULL,NULL,NULL,NULL,NULL),(434,438,2,18,31,54,68,20,48,67,72,90,1,21,35,49,79,NULL,NULL,NULL,NULL,NULL),(435,439,4,18,33,53,67,24,46,69,75,90,5,21,35,41,79,NULL,NULL,NULL,NULL,NULL),(436,440,2,13,33,54,68,25,46,69,71,89,5,22,32,40,79,NULL,NULL,NULL,NULL,NULL),(437,441,8,11,38,56,63,27,44,50,75,86,9,13,20,67,84,NULL,NULL,NULL,NULL,NULL),(438,442,2,48,57,73,83,12,27,35,53,65,29,34,64,76,87,NULL,NULL,NULL,NULL,NULL),(439,443,3,19,31,54,66,29,47,65,71,87,4,20,38,40,79,NULL,NULL,NULL,NULL,NULL),(440,444,7,13,39,56,61,20,42,52,75,86,6,14,22,65,84,NULL,NULL,NULL,NULL,NULL),(441,445,8,46,55,71,81,12,21,37,53,63,16,30,68,79,82,NULL,NULL,NULL,NULL,NULL),(442,446,2,17,33,50,66,21,48,68,70,86,4,23,38,42,77,NULL,NULL,NULL,NULL,NULL),(443,447,5,16,28,62,85,7,35,45,53,81,18,21,33,68,78,NULL,NULL,NULL,NULL,NULL),(444,448,9,18,27,62,89,8,38,48,53,82,16,23,30,68,78,NULL,NULL,NULL,NULL,NULL),(445,449,13,29,44,54,71,2,39,58,61,78,5,24,49,63,89,NULL,NULL,NULL,NULL,NULL),(446,450,8,18,41,69,90,26,46,54,67,87,17,32,44,55,79,NULL,NULL,NULL,NULL,NULL),(447,451,11,35,43,65,73,5,29,38,63,84,8,22,33,52,85,NULL,NULL,NULL,NULL,NULL),(448,452,4,27,42,74,81,16,23,31,58,61,2,21,38,43,88,NULL,NULL,NULL,NULL,NULL),(449,453,16,32,56,74,85,9,21,46,69,76,19,37,44,65,90,NULL,NULL,NULL,NULL,NULL),(450,454,6,14,49,59,75,29,34,51,68,82,9,19,47,79,84,NULL,NULL,NULL,NULL,NULL),(451,455,24,49,51,66,86,3,29,37,69,72,15,35,52,71,85,NULL,NULL,NULL,NULL,NULL),(452,456,6,27,48,59,72,15,32,55,79,83,4,29,41,66,77,NULL,NULL,NULL,NULL,NULL),(453,457,2,25,43,67,76,13,31,52,77,85,3,29,49,69,83,NULL,NULL,NULL,NULL,NULL),(454,458,3,22,49,67,78,11,34,51,62,89,19,28,42,69,88,NULL,NULL,NULL,NULL,NULL),(455,459,19,31,45,64,73,5,24,53,77,87,16,28,39,69,83,NULL,NULL,NULL,NULL,NULL),(456,460,5,26,45,69,90,17,25,39,56,75,7,19,34,59,77,NULL,NULL,NULL,NULL,NULL),(457,461,18,22,33,59,78,8,38,48,54,62,11,27,42,66,81,NULL,NULL,NULL,NULL,NULL),(458,462,14,29,46,63,89,7,25,39,52,75,18,31,49,69,87,NULL,NULL,NULL,NULL,NULL),(459,463,8,23,47,66,71,15,38,56,75,82,11,36,57,79,84,NULL,NULL,NULL,NULL,NULL),(460,464,14,38,46,68,89,3,29,32,53,78,18,29,49,62,81,NULL,NULL,NULL,NULL,NULL),(461,465,9,25,41,69,83,19,37,51,76,86,12,29,42,67,87,NULL,NULL,NULL,NULL,NULL),(462,466,26,37,46,58,85,18,39,63,76,89,4,14,48,69,79,NULL,NULL,NULL,NULL,NULL),(463,467,12,48,68,76,90,3,21,46,56,72,19,39,59,69,89,NULL,NULL,NULL,NULL,NULL),(464,468,12,39,51,65,89,4,22,47,69,82,15,29,44,58,73,NULL,NULL,NULL,NULL,NULL),(465,469,9,21,44,67,86,11,31,51,62,79,8,23,42,73,82,NULL,NULL,NULL,NULL,NULL),(466,470,25,35,58,72,86,4,15,26,48,63,7,17,39,79,89,NULL,NULL,NULL,NULL,NULL),(467,471,3,24,41,52,73,13,36,55,67,88,5,29,45,64,87,NULL,NULL,NULL,NULL,NULL),(468,472,6,16,26,48,62,19,32,59,65,85,33,46,52,77,89,NULL,NULL,NULL,NULL,NULL),(469,473,23,39,57,61,71,12,31,43,69,83,2,28,53,77,89,NULL,NULL,NULL,NULL,NULL),(470,474,13,29,41,59,81,8,22,54,62,75,12,33,47,52,84,NULL,NULL,NULL,NULL,NULL),(471,475,12,24,43,55,71,6,28,59,61,76,19,35,48,64,84,NULL,NULL,NULL,NULL,NULL),(472,476,2,32,44,55,61,15,42,57,72,90,3,23,36,65,74,NULL,NULL,NULL,NULL,NULL),(473,477,4,27,33,47,65,16,39,52,79,87,8,49,54,66,89,NULL,NULL,NULL,NULL,NULL),(474,478,11,39,57,62,89,7,25,34,59,77,9,12,48,63,89,NULL,NULL,NULL,NULL,NULL),(475,479,6,27,41,64,86,9,29,34,57,75,16,32,55,66,83,NULL,NULL,NULL,NULL,NULL),(476,480,13,37,53,76,84,5,23,42,65,81,9,17,35,58,71,NULL,NULL,NULL,NULL,NULL),(477,481,17,34,43,69,81,3,22,44,59,79,4,27,31,68,88,NULL,NULL,NULL,NULL,NULL),(478,482,6,11,25,51,88,19,21,43,67,89,9,35,56,71,86,NULL,NULL,NULL,NULL,NULL),(479,483,7,27,49,59,82,17,38,48,66,78,9,29,34,68,79,NULL,NULL,NULL,NULL,NULL),(480,484,6,27,48,59,71,15,32,55,79,83,4,29,41,66,77,NULL,NULL,NULL,NULL,NULL),(481,485,9,17,33,42,68,19,24,45,62,72,8,26,34,56,84,NULL,NULL,NULL,NULL,NULL),(482,486,18,39,47,69,82,9,26,45,53,79,13,23,54,61,77,NULL,NULL,NULL,NULL,NULL),(483,487,15,36,57,72,88,2,22,41,69,83,13,37,58,74,85,NULL,NULL,NULL,NULL,NULL),(484,488,7,21,35,53,73,13,28,49,64,74,9,18,39,55,90,NULL,NULL,NULL,NULL,NULL),(485,489,16,35,57,68,86,19,39,45,56,73,9,21,47,61,82,NULL,NULL,NULL,NULL,NULL),(486,490,19,31,49,62,89,2,24,58,79,88,17,36,44,51,74,NULL,NULL,NULL,NULL,NULL),(487,491,19,31,49,62,89,2,24,58,79,88,17,36,44,51,74,NULL,NULL,NULL,NULL,NULL),(488,492,11,21,35,53,71,5,18,36,54,74,7,28,48,61,90,NULL,NULL,NULL,NULL,NULL),(489,493,29,45,56,64,79,6,19,49,59,76,14,39,68,75,83,NULL,NULL,NULL,NULL,NULL),(490,494,6,23,46,63,88,14,38,55,78,81,37,59,66,79,84,NULL,NULL,NULL,NULL,NULL),(491,495,12,24,38,59,90,2,26,44,64,79,8,33,54,74,85,NULL,NULL,NULL,NULL,NULL),(492,496,7,15,28,49,71,14,37,59,78,81,4,25,42,67,87,NULL,NULL,NULL,NULL,NULL),(493,497,8,16,29,49,72,15,38,58,79,82,5,26,43,68,88,NULL,NULL,NULL,NULL,NULL),(494,498,13,25,39,58,90,3,27,45,65,78,9,34,55,75,86,NULL,NULL,NULL,NULL,NULL),(495,499,6,14,29,48,79,18,34,66,74,83,8,23,37,55,85,NULL,NULL,NULL,NULL,NULL),(496,500,7,24,47,64,89,15,39,56,79,82,38,58,67,77,87,NULL,NULL,NULL,NULL,NULL),(497,501,28,46,55,63,78,7,19,49,58,75,15,39,67,74,82,NULL,NULL,NULL,NULL,NULL),(498,502,12,20,34,52,70,6,17,35,53,73,8,27,47,60,90,NULL,NULL,NULL,NULL,NULL),(499,503,18,32,48,61,89,3,23,57,78,87,16,37,43,50,73,NULL,NULL,NULL,NULL,NULL),(500,504,17,35,56,67,85,18,38,46,55,72,8,22,46,60,81,NULL,NULL,NULL,NULL,NULL),(501,505,8,20,34,52,72,14,27,49,63,73,9,19,38,54,90,NULL,NULL,NULL,NULL,NULL),(502,506,16,35,56,71,87,3,21,40,69,82,14,36,57,73,84,NULL,NULL,NULL,NULL,NULL),(503,507,19,39,46,69,81,8,27,44,52,79,14,22,53,60,76,NULL,NULL,NULL,NULL,NULL),(504,508,9,18,32,41,67,18,25,44,61,71,7,27,33,55,83,NULL,NULL,NULL,NULL,NULL),(505,509,7,26,47,59,71,16,31,54,79,82,5,28,40,65,76,NULL,NULL,NULL,NULL,NULL),(506,510,8,26,49,59,81,18,37,48,65,77,8,28,35,67,78,NULL,NULL,NULL,NULL,NULL),(507,511,7,10,24,50,87,18,22,42,66,88,9,36,55,70,85,NULL,NULL,NULL,NULL,NULL),(508,512,18,33,42,68,80,4,21,43,58,79,5,26,30,67,87,NULL,NULL,NULL,NULL,NULL),(509,513,14,36,52,75,83,6,22,41,64,80,9,18,34,57,70,NULL,NULL,NULL,NULL,NULL),(510,514,7,26,40,63,85,9,28,35,56,74,17,31,54,65,82,NULL,NULL,NULL,NULL,NULL),(511,515,12,38,56,61,89,8,24,33,59,76,9,13,47,62,88,NULL,NULL,NULL,NULL,NULL),(512,516,5,26,32,46,64,17,39,51,79,86,9,48,53,65,89,NULL,NULL,NULL,NULL,NULL),(513,517,3,31,43,54,60,16,41,56,71,90,4,22,35,64,73,NULL,NULL,NULL,NULL,NULL),(514,518,13,23,42,54,70,7,27,59,60,75,18,36,47,63,83,NULL,NULL,NULL,NULL,NULL),(515,519,14,29,40,58,80,9,23,53,61,74,13,32,46,51,83,NULL,NULL,NULL,NULL,NULL),(516,520,24,39,56,60,70,13,30,42,68,82,3,27,52,76,88,NULL,NULL,NULL,NULL,NULL),(517,521,7,15,25,47,61,19,33,59,64,84,32,45,51,76,88,NULL,NULL,NULL,NULL,NULL),(518,522,4,23,40,51,72,14,35,54,66,87,6,29,44,63,86,NULL,NULL,NULL,NULL,NULL),(519,523,26,34,57,71,85,5,14,25,47,62,8,16,38,79,89,NULL,NULL,NULL,NULL,NULL),(520,524,8,22,43,66,85,12,30,50,62,78,9,24,41,72,81,NULL,NULL,NULL,NULL,NULL),(521,525,13,38,50,64,88,5,21,46,69,81,16,28,43,57,72,NULL,NULL,NULL,NULL,NULL),(522,526,13,47,67,75,90,4,20,45,55,71,19,38,57,68,88,NULL,NULL,NULL,NULL,NULL),(523,527,27,36,45,57,84,19,38,62,75,89,5,13,47,69,79,NULL,NULL,NULL,NULL,NULL),(524,528,8,26,40,69,82,18,38,50,75,85,13,28,41,66,86,NULL,NULL,NULL,NULL,NULL),(525,529,15,37,45,67,88,4,29,31,52,77,19,28,49,61,80,NULL,NULL,NULL,NULL,NULL),(526,530,9,22,46,65,70,16,37,55,74,81,12,35,56,78,83,NULL,NULL,NULL,NULL,NULL),(527,531,15,29,45,62,89,8,24,39,51,74,19,30,49,68,86,NULL,NULL,NULL,NULL,NULL),(528,532,19,21,32,58,77,9,37,48,53,61,12,26,41,65,80,NULL,NULL,NULL,NULL,NULL),(529,533,6,25,44,68,90,18,24,38,55,74,8,19,33,58,76,NULL,NULL,NULL,NULL,NULL),(530,534,19,32,44,63,72,6,23,52,76,86,17,27,39,68,82,NULL,NULL,NULL,NULL,NULL),(531,535,4,21,48,66,77,12,33,50,61,88,19,29,42,69,87,NULL,NULL,NULL,NULL,NULL),(532,536,3,24,42,66,75,14,30,51,76,84,4,29,48,68,82,NULL,NULL,NULL,NULL,NULL),(533,537,7,26,47,59,71,16,31,54,79,82,5,28,40,65,76,NULL,NULL,NULL,NULL,NULL),(534,538,25,48,50,65,85,4,29,36,68,71,16,34,51,70,84,NULL,NULL,NULL,NULL,NULL),(535,539,7,13,49,59,74,28,35,50,67,81,8,18,48,78,83,NULL,NULL,NULL,NULL,NULL),(536,540,17,31,55,73,84,9,22,45,69,75,19,38,43,64,90,NULL,NULL,NULL,NULL,NULL),(537,541,5,26,41,73,80,17,22,30,57,60,3,20,37,42,87,NULL,NULL,NULL,NULL,NULL),(538,542,12,34,42,64,72,6,29,37,62,83,9,21,32,51,84,NULL,NULL,NULL,NULL,NULL),(539,543,9,17,40,69,90,27,45,53,66,86,16,31,43,54,79,NULL,NULL,NULL,NULL,NULL),(540,545,15,29,44,53,71,3,39,57,60,77,6,23,48,62,89,NULL,NULL,NULL,NULL,NULL),(541,546,13,29,45,53,71,1,39,58,60,77,4,23,49,62,89,NULL,NULL,NULL,NULL,NULL),(542,547,7,17,41,69,90,25,46,53,66,86,16,31,44,54,79,NULL,NULL,NULL,NULL,NULL),(543,548,10,34,43,64,72,4,29,37,63,83,7,21,32,52,84,NULL,NULL,NULL,NULL,NULL),(544,549,3,26,42,73,80,15,22,30,58,60,1,20,37,43,87,NULL,NULL,NULL,NULL,NULL),(545,550,15,31,56,73,84,9,20,46,69,75,19,36,44,64,90,NULL,NULL,NULL,NULL,NULL),(546,551,5,13,49,59,75,28,33,51,67,81,8,18,47,78,83,NULL,NULL,NULL,NULL,NULL),(547,552,23,49,50,65,85,2,29,36,69,71,14,34,52,70,84,NULL,NULL,NULL,NULL,NULL),(548,553,5,26,48,59,71,14,31,55,79,82,3,28,41,65,76,NULL,NULL,NULL,NULL,NULL),(549,554,1,24,43,66,75,12,30,52,76,84,2,29,49,68,82,NULL,NULL,NULL,NULL,NULL),(550,555,2,21,49,66,77,10,33,51,61,88,19,27,43,69,87,NULL,NULL,NULL,NULL,NULL),(551,556,19,30,45,63,72,4,23,53,76,86,15,27,39,69,82,NULL,NULL,NULL,NULL,NULL),(552,557,4,25,45,68,90,16,24,38,56,74,6,19,33,59,76,NULL,NULL,NULL,NULL,NULL),(553,558,17,21,32,59,77,7,37,49,53,61,10,26,42,65,80,NULL,NULL,NULL,NULL,NULL),(554,559,13,29,46,62,89,6,24,39,52,74,17,30,49,69,86,NULL,NULL,NULL,NULL,NULL),(555,560,7,22,47,65,70,15,37,56,74,81,10,35,57,78,83,NULL,NULL,NULL,NULL,NULL),(556,561,13,37,46,67,88,2,29,31,53,77,17,28,49,62,80,NULL,NULL,NULL,NULL,NULL),(557,562,8,24,41,69,82,18,36,51,75,85,11,28,42,66,86,NULL,NULL,NULL,NULL,NULL),(558,563,25,36,46,57,84,17,38,63,75,89,3,13,48,69,79,NULL,NULL,NULL,NULL,NULL),(559,564,11,48,67,75,90,2,20,46,55,71,19,38,59,68,89,NULL,NULL,NULL,NULL,NULL),(560,565,11,38,51,64,88,3,21,47,69,81,14,28,44,57,72,NULL,NULL,NULL,NULL,NULL),(561,566,8,20,44,66,85,10,30,51,62,78,9,22,42,72,81,NULL,NULL,NULL,NULL,NULL),(562,567,24,34,58,71,86,3,14,25,48,62,6,16,38,78,89,NULL,NULL,NULL,NULL,NULL),(563,568,2,23,41,51,72,12,35,55,66,87,4,29,45,63,86,NULL,NULL,NULL,NULL,NULL),(564,569,5,15,25,48,61,19,31,59,65,84,32,46,51,76,88,NULL,NULL,NULL,NULL,NULL),(565,570,22,39,57,60,70,11,30,43,68,82,1,27,53,76,88,NULL,NULL,NULL,NULL,NULL),(566,571,12,29,41,58,80,7,21,54,61,74,11,32,47,51,83,NULL,NULL,NULL,NULL,NULL),(567,572,11,23,43,54,70,5,27,59,61,75,18,34,48,63,83,NULL,NULL,NULL,NULL,NULL),(568,573,1,31,44,54,60,14,42,56,71,90,2,22,35,65,73,NULL,NULL,NULL,NULL,NULL),(569,574,3,26,32,47,64,15,39,52,79,86,7,49,53,65,89,NULL,NULL,NULL,NULL,NULL),(570,575,10,38,57,61,89,6,24,33,58,76,9,11,48,62,88,NULL,NULL,NULL,NULL,NULL),(571,576,5,26,41,63,86,9,28,33,57,74,15,31,55,65,82,NULL,NULL,NULL,NULL,NULL),(572,577,12,36,53,75,83,4,22,42,64,80,9,16,34,58,70,NULL,NULL,NULL,NULL,NULL),(573,578,16,33,43,68,80,2,21,44,58,79,3,26,30,68,87,NULL,NULL,NULL,NULL,NULL),(574,579,5,10,24,51,87,18,20,43,66,88,9,34,56,70,85,NULL,NULL,NULL,NULL,NULL),(575,580,6,26,49,58,81,16,37,49,65,77,8,28,33,68,78,NULL,NULL,NULL,NULL,NULL),(576,581,5,26,48,59,71,14,31,55,79,82,3,28,41,65,76,NULL,NULL,NULL,NULL,NULL),(577,582,9,16,32,42,67,18,23,45,61,71,7,25,33,56,83,NULL,NULL,NULL,NULL,NULL),(578,583,17,39,47,69,81,8,25,45,52,79,12,22,54,60,76,NULL,NULL,NULL,NULL,NULL),(579,584,14,35,57,71,87,1,21,41,69,82,12,36,58,73,84,NULL,NULL,NULL,NULL,NULL),(580,585,14,35,57,71,87,1,21,41,69,82,12,36,58,73,84,NULL,NULL,NULL,NULL,NULL),(581,586,6,20,34,53,72,12,27,48,63,73,9,17,38,55,90,NULL,NULL,NULL,NULL,NULL),(582,587,15,35,57,67,85,18,38,45,55,72,8,20,47,60,81,NULL,NULL,NULL,NULL,NULL),(583,588,18,30,49,61,89,1,23,58,78,87,16,35,44,50,73,NULL,NULL,NULL,NULL,NULL),(584,589,10,20,34,53,70,4,17,35,54,73,6,27,48,60,90,NULL,NULL,NULL,NULL,NULL),(585,590,28,45,55,63,78,5,19,48,58,75,13,39,68,74,82,NULL,NULL,NULL,NULL,NULL),(586,591,5,22,46,62,87,13,37,55,77,80,36,59,65,79,85,NULL,NULL,NULL,NULL,NULL),(587,592,4,12,27,47,77,18,32,65,72,81,8,21,35,53,83,NULL,NULL,NULL,NULL,NULL),(588,593,11,23,37,59,90,1,25,44,63,78,7,32,54,73,84,NULL,NULL,NULL,NULL,NULL),(589,594,6,14,27,48,70,13,36,59,77,80,3,24,42,66,86,NULL,NULL,NULL,NULL,NULL),(590,595,5,14,27,49,70,12,36,58,77,80,2,24,41,66,86,NULL,NULL,NULL,NULL,NULL),(591,596,10,23,37,58,90,1,24,43,63,78,6,32,53,73,84,NULL,NULL,NULL,NULL,NULL),(592,597,3,12,27,46,77,17,32,64,72,81,7,21,35,52,83,NULL,NULL,NULL,NULL,NULL),(593,598,4,22,45,62,87,12,37,54,77,80,35,58,65,79,85,NULL,NULL,NULL,NULL,NULL),(594,599,27,44,55,63,78,4,19,49,58,75,12,39,67,74,82,NULL,NULL,NULL,NULL,NULL),(595,600,10,20,33,52,70,3,17,35,53,73,5,27,47,60,90,NULL,NULL,NULL,NULL,NULL),(596,601,17,30,48,61,89,1,22,57,78,87,15,35,43,50,73,NULL,NULL,NULL,NULL,NULL),(597,602,14,35,56,67,85,17,38,44,55,72,7,20,46,60,81,NULL,NULL,NULL,NULL,NULL),(598,603,5,20,34,52,72,11,27,49,63,73,8,17,38,54,90,NULL,NULL,NULL,NULL,NULL),(599,604,13,35,56,71,87,1,20,40,69,82,11,36,57,73,84,NULL,NULL,NULL,NULL,NULL),(600,605,16,39,46,69,81,7,25,44,52,79,11,22,53,60,76,NULL,NULL,NULL,NULL,NULL),(601,606,8,16,32,41,67,17,23,44,61,71,6,25,33,55,83,NULL,NULL,NULL,NULL,NULL),(602,607,4,26,47,59,71,13,31,54,79,82,2,28,40,65,76,NULL,NULL,NULL,NULL,NULL),(603,608,5,26,49,59,81,15,37,48,65,77,7,28,33,67,78,NULL,NULL,NULL,NULL,NULL),(604,609,4,10,24,50,87,17,20,42,66,88,8,34,55,70,85,NULL,NULL,NULL,NULL,NULL),(605,610,15,33,42,68,80,1,21,43,58,79,2,26,30,67,87,NULL,NULL,NULL,NULL,NULL),(606,611,11,36,52,75,83,3,22,41,64,80,8,16,34,57,70,NULL,NULL,NULL,NULL,NULL),(607,612,4,26,40,63,85,8,28,33,56,74,14,31,54,65,82,NULL,NULL,NULL,NULL,NULL),(608,613,10,31,56,61,89,5,24,33,59,76,8,11,47,62,88,NULL,NULL,NULL,NULL,NULL),(609,614,2,26,32,46,64,14,39,51,79,86,6,48,53,65,89,NULL,NULL,NULL,NULL,NULL),(610,615,1,30,43,54,60,13,41,56,71,90,1,22,35,64,73,NULL,NULL,NULL,NULL,NULL),(611,616,10,23,42,54,70,4,27,59,60,75,17,34,47,63,83,NULL,NULL,NULL,NULL,NULL),(612,617,11,29,40,58,80,6,21,53,61,74,10,32,46,51,83,NULL,NULL,NULL,NULL,NULL),(613,618,21,39,56,60,70,10,30,42,68,82,1,26,52,76,88,NULL,NULL,NULL,NULL,NULL),(614,619,4,15,25,47,61,18,31,59,64,84,31,45,51,76,88,NULL,NULL,NULL,NULL,NULL),(615,620,1,23,40,51,72,11,35,54,66,87,3,29,44,63,86,NULL,NULL,NULL,NULL,NULL),(616,621,23,34,57,71,85,2,14,25,47,62,5,16,38,79,89,NULL,NULL,NULL,NULL,NULL),(617,622,7,20,43,66,85,10,30,59,62,78,8,22,41,72,81,NULL,NULL,NULL,NULL,NULL),(618,623,10,38,50,64,88,2,21,46,69,81,13,28,43,57,72,NULL,NULL,NULL,NULL,NULL),(619,624,10,47,67,75,90,1,20,45,55,71,18,38,59,68,88,NULL,NULL,NULL,NULL,NULL),(620,625,24,36,45,57,84,16,38,62,75,89,2,13,47,69,79,NULL,NULL,NULL,NULL,NULL),(621,626,7,24,40,69,82,17,36,50,75,85,10,28,41,66,86,NULL,NULL,NULL,NULL,NULL),(622,627,12,37,45,67,88,1,29,31,52,77,16,28,49,61,80,NULL,NULL,NULL,NULL,NULL),(623,628,6,22,46,65,70,13,37,55,74,81,10,34,56,78,83,NULL,NULL,NULL,NULL,NULL),(624,629,12,29,45,62,89,5,24,39,51,74,16,30,49,68,86,NULL,NULL,NULL,NULL,NULL),(625,630,16,21,32,58,77,6,37,48,53,61,10,25,41,65,80,NULL,NULL,NULL,NULL,NULL),(626,631,3,25,44,68,90,15,24,38,55,74,5,19,33,58,76,NULL,NULL,NULL,NULL,NULL),(627,632,18,30,44,63,72,3,23,52,76,86,14,27,39,68,82,NULL,NULL,NULL,NULL,NULL),(628,633,1,21,48,66,77,10,32,50,61,88,18,27,42,69,87,NULL,NULL,NULL,NULL,NULL),(629,634,1,23,42,66,75,11,30,51,76,84,3,28,48,68,82,NULL,NULL,NULL,NULL,NULL),(630,635,4,26,47,59,71,13,31,54,79,82,2,28,40,65,76,NULL,NULL,NULL,NULL,NULL),(631,636,22,48,50,65,85,1,29,36,68,71,13,34,51,70,84,NULL,NULL,NULL,NULL,NULL),(632,637,4,13,49,59,74,27,33,50,67,81,7,18,46,78,83,NULL,NULL,NULL,NULL,NULL),(633,638,14,31,55,73,84,8,20,45,69,75,18,36,43,64,90,NULL,NULL,NULL,NULL,NULL),(634,639,2,26,41,73,80,14,22,30,57,60,1,20,36,42,87,NULL,NULL,NULL,NULL,NULL),(635,640,10,33,42,64,72,3,29,37,62,83,6,21,32,51,84,NULL,NULL,NULL,NULL,NULL),(636,641,6,17,40,69,90,24,45,53,66,86,15,31,43,54,79,NULL,NULL,NULL,NULL,NULL),(637,642,12,29,44,53,71,1,38,57,60,77,3,23,48,62,89,NULL,NULL,NULL,NULL,NULL),(638,643,7,17,40,69,89,25,45,53,66,85,16,31,43,54,78,NULL,NULL,NULL,NULL,NULL),(639,644,10,34,42,64,71,4,29,37,62,82,7,21,32,51,83,NULL,NULL,NULL,NULL,NULL),(640,645,3,26,41,72,80,15,22,30,51,60,1,20,37,42,86,NULL,NULL,NULL,NULL,NULL),(641,646,15,31,55,73,83,9,20,45,69,74,19,36,43,64,89,NULL,NULL,NULL,NULL,NULL),(642,647,5,13,49,59,73,28,33,50,67,80,8,18,46,78,82,NULL,NULL,NULL,NULL,NULL),(643,648,23,48,50,65,84,2,29,36,68,70,14,34,51,70,83,NULL,NULL,NULL,NULL,NULL),(644,649,5,26,47,59,71,14,31,54,79,81,3,28,40,65,75,NULL,NULL,NULL,NULL,NULL),(645,650,1,24,42,66,74,12,30,51,76,83,2,29,48,68,82,NULL,NULL,NULL,NULL,NULL),(646,651,2,21,48,66,76,10,33,50,61,87,19,27,42,69,86,NULL,NULL,NULL,NULL,NULL),(647,652,19,30,44,63,71,4,23,52,76,85,15,27,39,68,81,NULL,NULL,NULL,NULL,NULL),(648,653,4,25,44,68,89,16,24,38,55,73,6,19,33,58,75,NULL,NULL,NULL,NULL,NULL),(649,654,17,21,32,58,76,7,37,48,53,60,10,26,41,65,89,NULL,NULL,NULL,NULL,NULL),(650,655,13,29,45,62,88,6,24,39,51,73,17,30,49,68,85,NULL,NULL,NULL,NULL,NULL),(651,656,7,22,46,65,79,14,37,55,74,80,10,35,56,78,82,NULL,NULL,NULL,NULL,NULL),(652,657,13,37,45,67,87,2,29,31,52,76,17,28,49,61,89,NULL,NULL,NULL,NULL,NULL),(653,658,8,24,40,69,81,18,36,50,75,84,11,28,41,66,85,NULL,NULL,NULL,NULL,NULL),(654,659,25,36,45,57,83,17,38,62,75,88,3,13,47,69,78,NULL,NULL,NULL,NULL,NULL),(655,660,11,47,67,75,89,2,20,45,55,70,19,38,59,68,87,NULL,NULL,NULL,NULL,NULL),(656,661,11,38,50,64,87,3,21,46,69,80,14,28,43,57,71,NULL,NULL,NULL,NULL,NULL),(657,662,8,20,43,66,84,10,30,50,62,77,9,22,41,72,80,NULL,NULL,NULL,NULL,NULL),(658,663,24,34,57,71,84,3,14,25,47,61,6,16,38,79,88,NULL,NULL,NULL,NULL,NULL),(659,664,2,23,40,51,71,12,35,54,66,86,4,29,44,63,85,NULL,NULL,NULL,NULL,NULL),(660,665,5,15,25,47,60,19,31,59,64,83,32,45,51,76,87,NULL,NULL,NULL,NULL,NULL),(661,666,22,39,56,60,79,11,30,42,68,81,1,27,52,76,87,NULL,NULL,NULL,NULL,NULL),(662,667,12,29,40,58,89,7,21,53,61,73,11,32,46,51,82,NULL,NULL,NULL,NULL,NULL),(663,668,11,23,42,54,79,5,27,59,60,74,18,34,47,63,82,NULL,NULL,NULL,NULL,NULL),(664,669,1,31,43,54,69,14,41,56,71,89,2,22,35,64,72,NULL,NULL,NULL,NULL,NULL),(665,670,3,26,32,46,63,15,39,51,79,85,7,48,53,65,88,NULL,NULL,NULL,NULL,NULL),(666,671,10,38,56,61,88,6,24,33,59,75,9,11,47,62,87,NULL,NULL,NULL,NULL,NULL),(667,672,5,26,40,63,84,9,28,33,56,73,15,31,54,65,81,NULL,NULL,NULL,NULL,NULL),(668,673,12,36,52,75,82,4,22,41,64,89,9,16,34,57,79,NULL,NULL,NULL,NULL,NULL),(669,674,16,33,42,68,89,2,21,43,58,78,3,26,30,67,86,NULL,NULL,NULL,NULL,NULL),(670,675,5,10,24,50,86,18,20,42,66,87,9,34,55,70,84,NULL,NULL,NULL,NULL,NULL),(671,676,6,26,49,59,80,16,37,48,65,76,8,28,33,67,77,NULL,NULL,NULL,NULL,NULL),(672,677,5,26,47,59,70,14,31,54,79,81,3,28,40,65,75,NULL,NULL,NULL,NULL,NULL),(673,678,9,16,32,41,66,18,23,44,61,70,7,25,33,55,82,NULL,NULL,NULL,NULL,NULL),(674,679,17,39,46,69,80,8,25,44,52,78,12,22,53,60,75,NULL,NULL,NULL,NULL,NULL),(675,680,14,35,56,71,86,1,21,40,69,81,12,36,57,73,83,NULL,NULL,NULL,NULL,NULL),(676,681,6,20,34,52,71,12,27,49,63,72,9,17,38,54,89,NULL,NULL,NULL,NULL,NULL),(677,682,15,35,56,67,84,18,38,44,55,71,8,20,46,60,80,NULL,NULL,NULL,NULL,NULL),(678,683,18,30,48,61,88,1,23,57,78,86,16,35,43,50,72,NULL,NULL,NULL,NULL,NULL),(679,684,10,20,34,52,79,4,17,35,53,72,6,27,47,60,89,NULL,NULL,NULL,NULL,NULL),(680,685,28,44,55,63,77,5,19,49,58,74,13,39,67,74,81,NULL,NULL,NULL,NULL,NULL),(681,686,5,22,45,62,86,13,37,54,77,89,36,58,65,79,84,NULL,NULL,NULL,NULL,NULL),(682,687,4,12,27,46,76,18,32,64,72,80,8,21,35,52,82,NULL,NULL,NULL,NULL,NULL),(683,688,11,23,37,58,89,1,25,43,63,77,7,32,53,73,83,NULL,NULL,NULL,NULL,NULL),(684,689,6,14,27,49,79,13,36,58,77,89,3,24,41,66,85,NULL,NULL,NULL,NULL,NULL),(685,690,13,29,44,53,70,1,39,57,60,76,4,23,48,62,88,NULL,NULL,NULL,NULL,NULL),(686,691,11,29,44,53,71,1,37,57,60,77,4,21,48,62,89,NULL,NULL,NULL,NULL,NULL),(687,692,4,14,27,49,70,11,36,58,77,80,1,24,41,66,86,NULL,NULL,NULL,NULL,NULL),(688,693,19,23,37,58,90,1,22,43,63,78,5,32,53,73,84,NULL,NULL,NULL,NULL,NULL),(689,694,2,12,27,46,77,16,32,64,72,81,6,21,35,52,83,NULL,NULL,NULL,NULL,NULL),(690,695,3,22,45,62,87,11,37,54,77,80,34,58,65,79,85,NULL,NULL,NULL,NULL,NULL),(691,696,26,44,55,63,78,3,19,49,58,75,11,39,67,74,82,NULL,NULL,NULL,NULL,NULL),(692,697,10,20,32,52,70,2,17,35,53,73,4,27,47,60,90,NULL,NULL,NULL,NULL,NULL),(693,698,16,30,48,61,89,1,21,57,78,87,14,35,43,50,73,NULL,NULL,NULL,NULL,NULL),(694,699,13,35,56,67,85,16,38,44,55,72,6,20,46,60,81,NULL,NULL,NULL,NULL,NULL),(695,700,4,20,34,52,72,10,27,49,63,73,7,17,38,54,90,NULL,NULL,NULL,NULL,NULL),(696,701,12,35,56,71,87,1,29,40,69,82,10,36,57,73,84,NULL,NULL,NULL,NULL,NULL),(697,702,15,39,46,69,81,6,25,44,52,79,10,22,53,60,76,NULL,NULL,NULL,NULL,NULL),(698,703,7,16,32,41,67,16,23,44,61,71,5,25,33,55,83,NULL,NULL,NULL,NULL,NULL),(699,704,3,26,47,59,71,12,31,54,79,82,1,28,40,65,76,NULL,NULL,NULL,NULL,NULL),(700,705,4,26,49,59,81,14,37,48,65,77,6,28,33,67,78,NULL,NULL,NULL,NULL,NULL),(701,706,3,10,24,50,87,16,20,42,66,88,7,34,55,70,85,NULL,NULL,NULL,NULL,NULL),(702,707,14,33,42,68,80,9,21,43,58,79,1,26,30,67,87,NULL,NULL,NULL,NULL,NULL),(703,708,10,36,52,75,83,2,22,41,64,80,7,16,34,57,70,NULL,NULL,NULL,NULL,NULL),(704,709,3,26,40,63,85,7,28,33,56,74,13,31,54,65,82,NULL,NULL,NULL,NULL,NULL),(705,710,19,38,56,61,89,4,24,33,59,76,7,11,48,62,88,NULL,NULL,NULL,NULL,NULL),(706,711,1,26,32,46,64,13,39,51,79,86,5,48,53,65,89,NULL,NULL,NULL,NULL,NULL),(707,712,9,31,43,54,60,12,41,56,71,90,8,22,35,64,73,NULL,NULL,NULL,NULL,NULL),(708,713,19,23,42,54,70,3,27,59,60,75,16,34,47,63,83,NULL,NULL,NULL,NULL,NULL),(709,714,10,29,40,58,80,5,21,53,61,74,19,32,46,51,83,NULL,NULL,NULL,NULL,NULL),(710,715,20,39,56,60,70,11,38,42,68,82,9,27,52,76,88,NULL,NULL,NULL,NULL,NULL),(711,716,3,15,25,47,61,17,31,59,64,84,30,45,51,76,88,NULL,NULL,NULL,NULL,NULL),(712,717,9,23,40,51,72,10,35,54,66,87,2,29,44,63,86,NULL,NULL,NULL,NULL,NULL),(713,718,22,34,57,71,85,1,14,25,47,62,4,16,38,79,89,NULL,NULL,NULL,NULL,NULL),(714,719,6,20,43,66,85,19,30,50,62,78,7,22,41,72,81,NULL,NULL,NULL,NULL,NULL),(715,720,19,38,50,64,88,1,21,46,69,81,12,28,43,57,72,NULL,NULL,NULL,NULL,NULL),(716,721,6,20,43,66,85,19,30,50,62,78,7,22,41,72,81,NULL,NULL,NULL,NULL,NULL),(717,722,22,34,57,71,85,1,14,25,47,62,4,16,38,79,89,NULL,NULL,NULL,NULL,NULL),(718,723,9,23,40,51,72,10,35,54,66,87,2,29,44,63,86,NULL,NULL,NULL,NULL,NULL),(719,724,3,15,25,47,61,17,31,59,64,84,30,45,51,76,88,NULL,NULL,NULL,NULL,NULL),(720,725,20,39,56,60,70,19,30,42,68,82,1,25,52,76,88,NULL,NULL,NULL,NULL,NULL),(721,726,10,29,40,58,80,5,21,53,61,74,19,32,46,51,83,NULL,NULL,NULL,NULL,NULL),(722,727,19,23,42,54,70,3,27,59,60,75,16,34,47,63,83,NULL,NULL,NULL,NULL,NULL),(723,728,1,31,41,54,60,12,43,56,71,90,9,22,35,64,73,NULL,NULL,NULL,NULL,NULL),(724,729,1,26,32,46,64,13,39,51,79,86,5,48,53,65,89,NULL,NULL,NULL,NULL,NULL),(725,730,19,38,56,61,89,4,24,33,59,76,7,11,47,62,88,NULL,NULL,NULL,NULL,NULL);
/*!40000 ALTER TABLE `card` ENABLE KEYS */;
UNLOCK TABLES;

--
-- Table structure for table `event`
--

DROP TABLE IF EXISTS `event`;
/*!40101 SET @saved_cs_client     = @@character_set_client */;
/*!40101 SET character_set_client = utf8 */;
CREATE TABLE `event` (
  `evt_id` smallint(6) NOT NULL AUTO_INCREMENT,
  `evt_name` varchar(45) DEFAULT NULL,
  `evt_location` varchar(45) DEFAULT NULL,
  `evt_city` varchar(45) DEFAULT NULL,
  `evt_zip` varchar(45) DEFAULT NULL,
  `evt_datetime` datetime DEFAULT NULL,
  `evt_cre_dat` datetime DEFAULT NULL,
  `evt_cre_id` smallint(6) DEFAULT NULL,
  `evt_mod_date` datetime DEFAULT NULL,
  `evt_mod_id` smallint(6) DEFAULT NULL,
  `evt_del` tinyint(4) DEFAULT NULL,
  PRIMARY KEY (`evt_id`),
  UNIQUE KEY `evt_id_UNIQUE` (`evt_id`)
) ENGINE=InnoDB AUTO_INCREMENT=12 DEFAULT CHARSET=utf8;
/*!40101 SET character_set_client = @saved_cs_client */;

--
-- Dumping data for table `event`
--

LOCK TABLES `event` WRITE;
/*!40000 ALTER TABLE `event` DISABLE KEYS */;
INSERT INTO `event` VALUES (1,'Trume erfllen mit Lotto','Bellagio','Las Vegas','89044','2014-04-09 20:01:00','2014-04-09 20:00:00',1,'2014-04-09 20:00:00',2,NULL),(2,'Mega Lotto','Bellagio','Las Vegas','89044','2014-06-09 20:00:00','2014-04-09 20:00:00',2,'2014-04-09 20:00:00',2,NULL),(3,'Fasnacht Lotto','Bellagio','Las Vegas','89044','2005-04-09 20:00:00','2014-04-09 20:00:00',3,'2014-04-09 20:00:00',NULL,NULL),(4,'Swisslotto','Bellagio','Las Vegas','89044','2004-04-09 20:00:00','2014-04-09 20:00:00',3,'2014-04-09 20:00:00',NULL,NULL),(5,'Weihnachts Special 2013','Bellagio','Las Vegas','89044','2001-04-09 20:00:00','2014-04-09 20:00:00',1,'2014-04-09 20:00:00',NULL,NULL),(6,'Deine Mutti spielt Lotto?','Bellagio','Las Vegas','89044','2007-04-09 20:00:00','2014-04-09 20:00:00',1,'2014-04-09 20:00:00',NULL,NULL),(7,'Million Dollar $$$ Dreams','Bellagio','Las Vegas','89044','2011-04-09 20:00:00','2014-04-09 20:00:00',5,'2014-04-09 20:00:00',NULL,NULL),(8,'Wow!','Bellagio','Las Vegas','89044','2009-04-09 20:00:00','2014-04-09 20:00:00',3,'2014-04-09 20:00:00',NULL,NULL),(9,'BAMM BAMM','Bellagio','Las Vegas','89044','2012-04-09 20:00:00','2014-04-09 20:00:00',3,'2014-04-09 20:00:00',NULL,NULL),(10,'James Bond - Casino Royal','Bellagio','Las Vegas','89044','2013-04-09 20:00:00','2014-04-09 20:00:00',3,'2014-04-09 20:00:00',NULL,NULL),(11,'SheBang!','Bellagio','Las Vegas','89044','1999-04-09 20:00:00','2014-04-09 20:00:00',2,'2014-04-09 20:00:00',NULL,NULL);
/*!40000 ALTER TABLE `event` ENABLE KEYS */;
UNLOCK TABLES;

--
-- Table structure for table `eventmembers`
--

DROP TABLE IF EXISTS `eventmembers`;
/*!40101 SET @saved_cs_client     = @@character_set_client */;
/*!40101 SET character_set_client = utf8 */;
CREATE TABLE `eventmembers` (
  `eve_id` smallint(6) NOT NULL,
  `use_id` smallint(6) DEFAULT NULL,
  PRIMARY KEY (`eve_id`),
  UNIQUE KEY `eve_id_UNIQUE` (`eve_id`),
  UNIQUE KEY `use_id_UNIQUE` (`use_id`)
) ENGINE=InnoDB DEFAULT CHARSET=utf8;
/*!40101 SET character_set_client = @saved_cs_client */;

--
-- Dumping data for table `eventmembers`
--

LOCK TABLES `eventmembers` WRITE;
/*!40000 ALTER TABLE `eventmembers` DISABLE KEYS */;
INSERT INTO `eventmembers` VALUES (1,1),(2,2),(3,3);
/*!40000 ALTER TABLE `eventmembers` ENABLE KEYS */;
UNLOCK TABLES;

--
-- Table structure for table `eventmemberscard`
--

DROP TABLE IF EXISTS `eventmemberscard`;
/*!40101 SET @saved_cs_client     = @@character_set_client */;
/*!40101 SET character_set_client = utf8 */;
CREATE TABLE `eventmemberscard` (
  `use_id` smallint(6) DEFAULT NULL,
  `car_id` smallint(6) DEFAULT NULL,
  `ser_id` smallint(6) DEFAULT NULL,
  UNIQUE KEY `car_id_UNIQUE` (`car_id`),
  UNIQUE KEY `ser_id_UNIQUE` (`ser_id`),
  KEY `use_id_idx` (`use_id`)
) ENGINE=InnoDB DEFAULT CHARSET=utf8;
/*!40101 SET character_set_client = @saved_cs_client */;

--
-- Dumping data for table `eventmemberscard`
--

LOCK TABLES `eventmemberscard` WRITE;
/*!40000 ALTER TABLE `eventmemberscard` DISABLE KEYS */;
/*!40000 ALTER TABLE `eventmemberscard` ENABLE KEYS */;
UNLOCK TABLES;

--
-- Table structure for table `log`
--

DROP TABLE IF EXISTS `log`;
/*!40101 SET @saved_cs_client     = @@character_set_client */;
/*!40101 SET character_set_client = utf8 */;
CREATE TABLE `log` (
  `log_id` smallint(6) NOT NULL,
  `use_id` smallint(6) DEFAULT NULL,
  `log_action` varchar(45) DEFAULT NULL,
  `log_timestamp` timestamp NOT NULL DEFAULT CURRENT_TIMESTAMP,
  `log_level` tinyint(4) DEFAULT NULL,
  `log_cre_dat` datetime DEFAULT NULL,
  `log_cre_id` smallint(6) DEFAULT NULL,
  `log_mod_dat` datetime DEFAULT NULL,
  `log_mod_id` smallint(6) DEFAULT NULL,
  `log_del` tinyint(4) DEFAULT NULL,
  PRIMARY KEY (`log_id`),
  UNIQUE KEY `log_id_UNIQUE` (`log_id`),
  UNIQUE KEY `use_id_UNIQUE` (`use_id`)
) ENGINE=InnoDB DEFAULT CHARSET=utf8;
/*!40101 SET character_set_client = @saved_cs_client */;

--
-- Dumping data for table `log`
--

LOCK TABLES `log` WRITE;
/*!40000 ALTER TABLE `log` DISABLE KEYS */;
INSERT INTO `log` VALUES (1,1,NULL,'2013-12-07 12:20:08',NULL,NULL,NULL,NULL,NULL,NULL),(2,2,NULL,'2013-12-07 12:20:37',NULL,NULL,NULL,NULL,NULL,NULL),(3,3,NULL,'2013-12-07 12:20:45',NULL,NULL,NULL,NULL,NULL,NULL);
/*!40000 ALTER TABLE `log` ENABLE KEYS */;
UNLOCK TABLES;

--
-- Table structure for table `messages`
--

DROP TABLE IF EXISTS `messages`;
/*!40101 SET @saved_cs_client     = @@character_set_client */;
/*!40101 SET character_set_client = utf8 */;
CREATE TABLE `messages` (
  `mes_id` int(11) NOT NULL AUTO_INCREMENT,
  `mes_type` tinyint(4) unsigned NOT NULL,
  `mes_subject` varchar(100) NOT NULL,
  `mes_body` text NOT NULL,
  `mes_sender` varchar(50) NOT NULL,
  `mes_status` tinyint(4) NOT NULL DEFAULT '0',
  PRIMARY KEY (`mes_id`)
) ENGINE=InnoDB AUTO_INCREMENT=2 DEFAULT CHARSET=utf8;
/*!40101 SET character_set_client = @saved_cs_client */;

--
-- Dumping data for table `messages`
--

LOCK TABLES `messages` WRITE;
/*!40000 ALTER TABLE `messages` DISABLE KEYS */;
INSERT INTO `messages` VALUES (1,1,'Lottogewinn','<!DOCTYPE html>\r\n<html>\r\n<head>\r\n<meta charset=\"UTF-8\">\r\n</head>\r\n\r\n<body style=\"margin: 0;font-family: \'Segoe UI\',sans-serif;\">\r\n    <h1 style=\"background-color: #4679BD;padding:5px; margin: 0px;color: white;\">Musikverein Lotto</h1>\r\n    <div style=\"padding: 10px;\">\r\n<h2>Herzlichen Glckwunsch!</h2>\r\n<p>Sie haben an unserem Lottoevent teilgenommen und Gewonnen.</p>\r\n\r\n<table style=\"border-spacing: 15px 0;\">\r\n    <tr>\r\n        <td><b>Event:</b></td>\r\n        <td>Biergarten und Lotto (27.10.3013)</td>\r\n    </tr>\r\n    <tr>\r\n        <td><b>Serie:</b></td>\r\n        <td>2</td>\r\n    </tr>\r\n    <tr>\r\n        <td><b>Gewinn:</b></td>\r\n        <td>Badewannenkissen</td>\r\n    </tr>\r\n</table>\r\n\r\n<p>Bitte melden sie sich zwecks empfang ihres Preises beim Zakaria Agulif.<br>Tel: 079 000 00 00<br>E-Mail: zaki@lotto.local</p>\r\n<p>Hinweis: Gewinne knnen nicht zurckgegeben oder in Bargeld umgetauscht werden.</p>\r\n<br>\r\n<p>Freundlich Grsse<br><br><b>Musikgesellschaft XY</b><br>5400 Baden</p>\r\n</div>\r\n</body>\r\n\r\n</html>','noreply@lotto.local',1);
/*!40000 ALTER TABLE `messages` ENABLE KEYS */;
UNLOCK TABLES;

--
-- Table structure for table `numbers`
--

DROP TABLE IF EXISTS `numbers`;
/*!40101 SET @saved_cs_client     = @@character_set_client */;
/*!40101 SET character_set_client = utf8 */;
CREATE TABLE `numbers` (
  `num_id` smallint(6) NOT NULL,
  `ser_id` smallint(6) DEFAULT NULL,
  `num_num` int(11) DEFAULT NULL,
  `num_cre_dat` datetime DEFAULT NULL,
  `num_cre_id` smallint(6) DEFAULT NULL,
  `num_mod_dat` datetime DEFAULT NULL,
  `num_mod_id` smallint(6) DEFAULT NULL,
  `num_del` tinyint(4) DEFAULT NULL,
  PRIMARY KEY (`num_id`),
  UNIQUE KEY `ser_id_UNIQUE` (`ser_id`),
  UNIQUE KEY `num_num_UNIQUE` (`num_num`)
) ENGINE=InnoDB DEFAULT CHARSET=utf8;
/*!40101 SET character_set_client = @saved_cs_client */;

--
-- Dumping data for table `numbers`
--

LOCK TABLES `numbers` WRITE;
/*!40000 ALTER TABLE `numbers` DISABLE KEYS */;
INSERT INTO `numbers` VALUES (1,2,NULL,NULL,NULL,NULL,NULL,NULL),(2,3,NULL,NULL,NULL,NULL,NULL,NULL),(3,1,NULL,NULL,NULL,NULL,NULL,NULL);
/*!40000 ALTER TABLE `numbers` ENABLE KEYS */;
UNLOCK TABLES;

--
-- Table structure for table `series`
--

DROP TABLE IF EXISTS `series`;
/*!40101 SET @saved_cs_client     = @@character_set_client */;
/*!40101 SET character_set_client = utf8 */;
CREATE TABLE `series` (
  `ser_id` smallint(6) NOT NULL AUTO_INCREMENT,
  `eve_id` smallint(6) DEFAULT NULL,
  `ser_cre_dat` datetime DEFAULT NULL,
  `ser_cre_id` smallint(6) DEFAULT NULL,
  `ser_mod_dat` datetime DEFAULT NULL,
  `ser_mod_id` smallint(6) DEFAULT NULL,
  `ser_del` tinyint(4) DEFAULT NULL,
  PRIMARY KEY (`ser_id`),
  UNIQUE KEY `ser_id_UNIQUE` (`ser_id`),
  UNIQUE KEY `eve_id_UNIQUE` (`eve_id`)
) ENGINE=InnoDB AUTO_INCREMENT=4 DEFAULT CHARSET=utf8;
/*!40101 SET character_set_client = @saved_cs_client */;

--
-- Dumping data for table `series`
--

LOCK TABLES `series` WRITE;
/*!40000 ALTER TABLE `series` DISABLE KEYS */;
INSERT INTO `series` VALUES (1,2,NULL,NULL,NULL,NULL,NULL),(2,3,NULL,NULL,NULL,NULL,NULL),(3,1,NULL,NULL,NULL,NULL,NULL);
/*!40000 ALTER TABLE `series` ENABLE KEYS */;
UNLOCK TABLES;

--
-- Table structure for table `user`
--

DROP TABLE IF EXISTS `user`;
/*!40101 SET @saved_cs_client     = @@character_set_client */;
/*!40101 SET character_set_client = utf8 */;
CREATE TABLE `user` (
  `use_id` smallint(6) NOT NULL,
  `use_lastname` varchar(45) DEFAULT NULL,
  `use_firstname` varchar(45) DEFAULT NULL,
  `use_lastlogin` varchar(45) DEFAULT NULL,
  `use_status` varchar(45) DEFAULT NULL,
  `use_address` varchar(45) DEFAULT NULL,
  `use_zip` varchar(45) DEFAULT NULL,
  `use_city` varchar(45) DEFAULT NULL,
  `use_birth` varchar(45) DEFAULT NULL,
  `use_country` varchar(45) DEFAULT NULL,
  `use_phone` varchar(45) DEFAULT NULL,
  `use_mobile` varchar(45) DEFAULT NULL,
  `use_email` varchar(45) DEFAULT NULL,
  `use_password` varchar(45) DEFAULT NULL,
  `use_administrator` tinyint(4) DEFAULT NULL,
  `use_salt` varchar(45) DEFAULT NULL,
  `use_cre_dat` datetime DEFAULT NULL,
  `use_cre_id` smallint(6) DEFAULT NULL,
  `use_mod_dat` datetime DEFAULT NULL,
  `use_mod_id` smallint(6) DEFAULT NULL,
  `use_del` tinyint(4) DEFAULT NULL,
  PRIMARY KEY (`use_id`),
  UNIQUE KEY `use_id_UNIQUE` (`use_id`)
) ENGINE=InnoDB DEFAULT CHARSET=utf8;
/*!40101 SET character_set_client = @saved_cs_client */;

--
-- Dumping data for table `user`
--

LOCK TABLES `user` WRITE;
/*!40000 ALTER TABLE `user` DISABLE KEYS */;
INSERT INTO `user` VALUES (1,'Wiesner','Florian',NULL,'Gnner','Bachmatt 12','5073','Gipf-Oberfrick','23.08.1977','Switzerland',NULL,'+41798220207','f.wiesner@gmx.ch','*0E4A970F19FD5F25B14F4BA294938BDEAEBA0F12',1,'c76478070371017a10307351841bae5ccba3629f','2007-12-20 13:00:00',1,'2007-12-20 13:00:00',NULL,NULL),(2,'Scheurer','Tobias',NULL,'Gnner','Mntzbergstrasse 2','5400','Baden','22.10.1989','Switzerland',NULL,'+41797319150','tobias.scheurer@libosan.ch','*59D00822BD12F3B66926A175C0D76CFC2B5285D0',1,'62d5bf2a502e80d15810ee1ec77e6e0f09235ab9',NULL,NULL,NULL,NULL,NULL),(3,'Agoulif','Zakaria',NULL,'Gnner','Rtelstrasse 127','8037','Zurich','31.10.1986','Switzerland',NULL,'+41793125292','zakaria.agoulif@gmail.com','*ECCA593ED93F82D30E2E28929DD8DA458DF03BC0',1,'46eedf3b8ea2abfaf3f101084db9e600d65a674b',NULL,NULL,NULL,NULL,NULL);
/*!40000 ALTER TABLE `user` ENABLE KEYS */;
UNLOCK TABLES;

--
-- Table structure for table `winner`
--

DROP TABLE IF EXISTS `winner`;
/*!40101 SET @saved_cs_client     = @@character_set_client */;
/*!40101 SET character_set_client = utf8 */;
CREATE TABLE `winner` (
  `win_id` smallint(6) NOT NULL,
  `use_id` smallint(6) DEFAULT NULL,
  `eve_id` smallint(6) DEFAULT NULL,
  `ser_id` smallint(6) DEFAULT NULL,
  `win_cre_dat` datetime DEFAULT NULL,
  `win_cre_id` smallint(6) DEFAULT NULL,
  `win_mod_dat` datetime DEFAULT NULL,
  `win_mod_id` smallint(6) DEFAULT NULL,
  `win_del` tinyint(4) DEFAULT NULL,
  `win_prize` varchar(45) DEFAULT NULL,
  `win_notificated` datetime DEFAULT NULL,
  PRIMARY KEY (`win_id`),
  UNIQUE KEY `win_id_UNIQUE` (`win_id`)
) ENGINE=InnoDB DEFAULT CHARSET=utf8;
/*!40101 SET character_set_client = @saved_cs_client */;

--
-- Dumping data for table `winner`
--

LOCK TABLES `winner` WRITE;
/*!40000 ALTER TABLE `winner` DISABLE KEYS */;
INSERT INTO `winner` VALUES (1,3,2,1,'2014-09-12 03:00:00',3,NULL,1,NULL,NULL,'2014-09-12 04:33:03'),(2,1,1,1,'2014-09-12 05:00:00',3,NULL,2,NULL,NULL,'2014-09-12 04:33:03'),(3,2,3,2,'2012-09-12 03:00:40',3,NULL,3,NULL,NULL,'2014-09-12 04:33:03'),(4,1,3,2,'2012-09-12 03:00:40',3,NULL,3,NULL,NULL,'2014-09-12 04:33:03'),(6,2,7,2,'2012-09-12 03:00:40',3,NULL,3,NULL,NULL,'2014-09-12 04:33:03'),(7,2,6,2,'2012-09-12 03:00:40',3,NULL,3,NULL,NULL,'2014-09-12 04:33:03'),(8,3,8,2,'2012-09-12 03:00:40',3,NULL,3,NULL,NULL,NULL),(9,2,4,2,'2012-09-12 03:00:40',3,NULL,3,NULL,NULL,NULL),(10,1,1,2,'2012-09-12 03:00:40',3,NULL,3,NULL,NULL,NULL);
/*!40000 ALTER TABLE `winner` ENABLE KEYS */;
UNLOCK TABLES;
/*!40103 SET TIME_ZONE=@OLD_TIME_ZONE */;

/*!40101 SET SQL_MODE=@OLD_SQL_MODE */;
/*!40014 SET FOREIGN_KEY_CHECKS=@OLD_FOREIGN_KEY_CHECKS */;
/*!40014 SET UNIQUE_CHECKS=@OLD_UNIQUE_CHECKS */;
/*!40101 SET CHARACTER_SET_CLIENT=@OLD_CHARACTER_SET_CLIENT */;
/*!40101 SET CHARACTER_SET_RESULTS=@OLD_CHARACTER_SET_RESULTS */;
/*!40101 SET COLLATION_CONNECTION=@OLD_COLLATION_CONNECTION */;
/*!40111 SET SQL_NOTES=@OLD_SQL_NOTES */;

-- Dump completed on 2013-12-11 17:17:46
